"ModName","Adj.Rsq","AIC","dAIC","BIC","dBIC","Adj.Rsq.TrainTest","seTT","Response","S_ref","N_ref","N","ndays"
"simple",0.194705765506317,9708.16829757131,-583.146522611443,9741.4749591023,-487.757617530264,0.184165450469876,0.00490803242805057,"DIC_umol_kg","DICoce_mean","DICrefN",861,1
"weightedEndmember",0.243839763689829,9655.94815377562,-530.926378815755,9698.77100431547,-445.05366274343,0.228130373819684,0.00598386938522432,"DIC_umol_kg","DICoce_mean","DICrefN",861,1
"cyclicalTime",0.378757933566968,9490.68666071972,-365.664885759856,9552.54188927728,-298.824547705242,0.364134287712529,0.00535894261880008,"DIC_umol_kg","DICoce_mean","DICrefN",861,1
"environmental",0.561082927169331,9196.48072058378,-71.4589456239173,9282.12642166348,-28.4090800914419,0.531521675472752,0.00502182870763625,"DIC_umol_kg","DICoce_mean","DICrefN",861,1
"modMetabolism",0.594670784710171,9134.76497896135,-9.74320400148099,9253.71734157204,0,0.567562880800351,0.00543089289931079,"DIC_umol_kg","DICoce_mean","DICrefN",861,1
"year",0.594692709877992,9135.68911545193,-10.6673404920693,9259.39957256706,-5.68223099501665,0.565486736517318,0.0052111505185753,"DIC_umol_kg","DICoce_mean","DICrefN",861,1
"SRnoYear",0.600583196278417,9125.02177495987,0,9258.24842108384,-4.53107951180209,0.576443665690563,0.00582993980995688,"DIC_umol_kg","DICoce_mean","DICrefN",861,1
"subregion",0.600579558359834,9125.99662345231,-0.974848492449382,9263.98136408072,-10.2640225086798,0.573708971778819,0.00521177269453677,"DIC_umol_kg","DICoce_mean","DICrefN",861,1
"simple",0.188336723113899,9714.95112744977,-594.933225208424,9748.25778898076,-502.075891167935,0.185242228060789,0.00420756181461568,"DIC_umol_kg","DICoce_mean","DICrefN",861,2
"weightedEndmember",0.248665188902841,9650.43608883656,-530.418186595218,9693.25893937641,-447.077041563583,0.233021113965858,0.00556454805836064,"DIC_umol_kg","DICoce_mean","DICrefN",861,2
"cyclicalTime",0.387558216358789,9478.40284585865,-358.38494361731,9540.25807441621,-294.076176603387,0.366761680676356,0.00497428853561939,"DIC_umol_kg","DICoce_mean","DICrefN",861,2
"environmental",0.561621921150818,9195.42275536977,-75.4048531284243,9281.06845644947,-34.8865586366392,0.548913867235319,0.00478784413756067,"DIC_umol_kg","DICoce_mean","DICrefN",861,2
"modMetabolism",0.598202734408957,9127.22953520213,-7.21163296079067,9246.18189781283,0,0.573636941920544,0.00530649686342357,"DIC_umol_kg","DICoce_mean","DICrefN",861,2
"year",0.598160589376296,9128.2905530394,-8.27265079805329,9252.00101015452,-5.81911234169092,0.55897627596533,0.00531035040571255,"DIC_umol_kg","DICoce_mean","DICrefN",861,2
"SRnoYear",0.602897754189836,9120.01790224134,0,9253.24454836532,-7.06265055249241,0.567765640283201,0.00495758590508678,"DIC_umol_kg","DICoce_mean","DICrefN",861,2
"subregion",0.602777790463725,9121.24497566551,-1.22707342416834,9259.22971629392,-13.0478184810891,0.570927745869198,0.00580513047190124,"DIC_umol_kg","DICoce_mean","DICrefN",861,2
"simple",0.191843698716913,9711.22292123127,-617.936915494744,9744.52958276226,-527.338366699214,0.18077607148894,0.00435449672895598,"DIC_umol_kg","DICoce_mean","DICrefN",861,3
"weightedEndmember",0.257313679442905,9640.46777798307,-547.181772246546,9683.29062852292,-466.099412459871,0.234635715869806,0.00615027516064397,"DIC_umol_kg","DICoce_mean","DICrefN",861,3
"cyclicalTime",0.396564906644018,9465.64678095298,-372.360775216453,9527.50200951054,-310.31079344749,0.377787478998272,0.00483722116250353,"DIC_umol_kg","DICoce_mean","DICrefN",861,3
"environmental",0.566831719123549,9185.12912168534,-91.8431159488118,9270.77482276504,-53.5836067019864,0.557339568177094,0.00520875824114038,"DIC_umol_kg","DICoce_mean","DICrefN",861,3
"modMetabolism",0.611506396851172,9098.23885345236,-4.95284771583101,9217.19121606305,0,0.579799289281841,0.00564961370498115,"DIC_umol_kg","DICoce_mean","DICrefN",861,3
"year",0.611553555729067,9099.10504229194,-5.81903655541828,9222.81549940706,-5.62428334401557,0.582542177917141,0.00530696409584036,"DIC_umol_kg","DICoce_mean","DICrefN",861,3
"SRnoYear",0.615037358388206,9093.28600573653,0,9226.5126518605,-9.32143579745207,0.582633738626798,0.00492738369429728,"DIC_umol_kg","DICoce_mean","DICrefN",861,3
"subregion",0.614988312880236,9094.36269945889,-1.07669372236705,9232.3474400873,-15.1562240242474,0.581964705919916,0.00523282470168068,"DIC_umol_kg","DICoce_mean","DICrefN",861,3
"simple",0.198393048217815,9704.21689593705,-639.976621712673,9737.52355746805,-549.972355542905,0.192546174117608,0.00438844255390093,"DIC_umol_kg","DICoce_mean","DICrefN",861,4
"weightedEndmember",0.267591710126715,9628.46918810297,-564.228913878593,9671.29203864282,-483.740836717679,0.242890680110393,0.0057804218792158,"DIC_umol_kg","DICoce_mean","DICrefN",861,4
"cyclicalTime",0.402269604204465,9457.46842156127,-393.228147336888,9519.32365011883,-331.772448193686,0.393455294068186,0.00559757638616999,"DIC_umol_kg","DICoce_mean","DICrefN",861,4
"environmental",0.571817284826036,9175.16194215729,-110.921667932906,9260.80764323699,-73.2564413118416,0.55321901656293,0.00590326912473369,"DIC_umol_kg","DICoce_mean","DICrefN",861,4
"modMetabolism",0.624652748823093,9068.59883931445,-4.35856509006953,9187.55120192514,0,0.586852827768249,0.00571618252215501,"DIC_umol_kg","DICoce_mean","DICrefN",861,4
"year",0.624789292365941,9069.25627956746,-5.01600534308091,9192.96673668258,-5.41553475743967,0.591427539424679,0.00545466545737672,"DIC_umol_kg","DICoce_mean","DICrefN",861,4
"SRnoYear",0.62780741757736,9064.24027422438,0,9197.46692034836,-9.91571842321355,0.595033938809244,0.00526488781131419,"DIC_umol_kg","DICoce_mean","DICrefN",861,4
"subregion",0.627844210194816,9065.12216344805,-0.881889223664984,9203.10690407645,-15.5557021513068,0.589309170827363,0.00489531527209654,"DIC_umol_kg","DICoce_mean","DICrefN",861,4
"simple",0.203046974408118,9699.20358166976,-645.316804606362,9732.51024320075,-554.417660943742,0.201219279174229,0.00432909546716673,"DIC_umol_kg","DICoce_mean","DICrefN",861,5
"weightedEndmember",0.277201796710039,9617.09704967985,-563.210272616454,9659.9199002197,-481.827317962689,0.269656970419183,0.00555536164461326,"DIC_umol_kg","DICoce_mean","DICrefN",861,5
"cyclicalTime",0.407385328448228,9450.06776806507,-396.180991001676,9511.92299662263,-333.830414365622,0.383051161563945,0.00544492212095326,"DIC_umol_kg","DICoce_mean","DICrefN",861,5
"environmental",0.573064760077455,9172.64982801673,-118.763050953336,9258.29552909643,-80.2029468394194,0.563690877729287,0.00459898473621963,"DIC_umol_kg","DICoce_mean","DICrefN",861,5
"modMetabolism",0.628753604994317,9059.14021964632,-5.25344258292171,9178.09258225701,0,0.602138382524648,0.00527424777587719,"DIC_umol_kg","DICoce_mean","DICrefN",861,5
"year",0.629130702527134,9059.23591629951,-5.34913923611384,9182.94637341463,-4.85379115762044,0.597682794662085,0.00487577825077099,"DIC_umol_kg","DICoce_mean","DICrefN",861,5
"SRnoYear",0.632256219389908,9053.8867770634,0,9187.11342318737,-9.02084093036137,0.599580414043739,0.00496208152046592,"DIC_umol_kg","DICoce_mean","DICrefN",861,5
"subregion",0.632536228069288,9054.19794836953,-0.311171306131655,9192.18268899793,-14.0901067409213,0.58984603528069,0.00489409934266765,"DIC_umol_kg","DICoce_mean","DICrefN",861,5
"simple",0.208498669927495,9693.29352419073,-627.796477834087,9726.60018572173,-535.482657173496,0.200381691715399,0.00419981175548854,"DIC_umol_kg","DICoce_mean","DICrefN",861,6
"weightedEndmember",0.284262066892659,9608.64548383645,-543.148437479806,9651.4683343763,-460.350805828069,0.27591250965837,0.00586221340095525,"DIC_umol_kg","DICoce_mean","DICrefN",861,6
"cyclicalTime",0.411273326059973,9444.40034934092,-378.903302984276,9506.25557789848,-315.138049350251,0.396831820376479,0.00565443089267613,"DIC_umol_kg","DICoce_mean","DICrefN",861,6
"environmental",0.574036838757692,9170.68720244505,-105.190156088403,9256.33290352475,-65.2153749765166,0.557128990273885,0.00515640369062637,"DIC_umol_kg","DICoce_mean","DICrefN",861,6
"modMetabolism",0.623094808010259,9072.16516593754,-6.66811958089238,9191.11752854823,0,0.594505382826036,0.00566258946726735,"DIC_umol_kg","DICoce_mean","DICrefN",861,6
"year",0.623813227486934,9071.49315779962,-5.9961114429716,9195.20361491474,-4.08608636650752,0.594476994167449,0.00526890612170981,"DIC_umol_kg","DICoce_mean","DICrefN",861,6
"SRnoYear",0.627077116607082,9065.92803770696,-0.430991350316617,9199.15468383094,-8.03715528270732,0.59474981481262,0.00479950896790342,"DIC_umol_kg","DICoce_mean","DICrefN",861,6
"subregion",0.627682136766234,9065.49704635664,0,9203.48178698505,-12.364258436819,0.592343824275581,0.00542234744442055,"DIC_umol_kg","DICoce_mean","DICrefN",861,6
"simple",0.211466327490169,9690.05922094819,-608.97175182162,9723.36588247918,-517.433227505451,0.201143091666871,0.00476211622275606,"DIC_umol_kg","DICoce_mean","DICrefN",861,7
"weightedEndmember",0.287362949924639,9604.90715949414,-523.819690367569,9647.73001003399,-441.797355060255,0.281746181700628,0.00600373906091993,"DIC_umol_kg","DICoce_mean","DICrefN",861,7
"cyclicalTime",0.411290046400017,9444.37589585877,-363.288426732197,9506.23112441633,-300.298469442594,0.398717416733939,0.00520717122720827,"DIC_umol_kg","DICoce_mean","DICrefN",861,7
"environmental",0.573085858782731,9172.60727722113,-91.5198080945574,9258.25297830082,-52.3203233270924,0.557836015601504,0.00480997148827533,"DIC_umol_kg","DICoce_mean","DICrefN",861,7
"modMetabolism",0.616553326542341,9086.98029236304,-5.89282323647058,9205.93265497373,0,0.601632458500724,0.00410678469529125,"DIC_umol_kg","DICoce_mean","DICrefN",861,7
"year",0.617490894947066,9085.84318785866,-4.75571873208719,9209.55364497378,-3.62099000004491,0.587826273902962,0.00529488376351674,"DIC_umol_kg","DICoce_mean","DICrefN",861,7
"SRnoYear",0.620070652225731,9081.9543965486,-0.86692742203013,9215.18104267258,-9.24838769884263,0.591085310649146,0.0055933939960555,"DIC_umol_kg","DICoce_mean","DICrefN",861,7
"subregion",0.620879042213213,9081.08746912657,0,9219.07220975497,-13.1395547812408,0.590650018380826,0.00511563815002568,"DIC_umol_kg","DICoce_mean","DICrefN",861,7
"simple",0.214968974374461,9686.22616095162,-588.422802768735,9719.53282248261,-499.014311400604,0.21301041066612,0.00457556855099308,"DIC_umol_kg","DICoce_mean","DICrefN",861,8
"weightedEndmember",0.290650904972504,9600.92549715366,-503.122138970781,9643.74834769351,-423.229836611505,0.295168827826539,0.00618199548428731,"DIC_umol_kg","DICoce_mean","DICrefN",861,8
"cyclicalTime",0.41205639364463,9443.25436766497,-345.451009482093,9505.10959622254,-284.591085140528,0.400159396901585,0.00573832296343694,"DIC_umol_kg","DICoce_mean","DICrefN",861,8
"environmental",0.572237631382702,9174.31628413264,-76.5129259497535,9259.96198521233,-39.4434741303266,0.553410404100882,0.00474081464001235,"DIC_umol_kg","DICoce_mean","DICrefN",861,8
"modMetabolism",0.610002176512867,9101.56614847131,-3.76279028843237,9220.51851108201,0,0.584620815419318,0.00477776775939264,"DIC_umol_kg","DICoce_mean","DICrefN",861,8
"year",0.611058837830597,9100.20089760158,-2.39753941870185,9223.91135471671,-3.39284363469778,0.578917184996631,0.00483804792672984,"DIC_umol_kg","DICoce_mean","DICrefN",861,8
"SRnoYear",0.612522131644383,9098.89321523019,-1.08985704730367,9232.11986135416,-11.6013502721544,0.582160526459452,0.00476085435552686,"DIC_umol_kg","DICoce_mean","DICrefN",861,8
"subregion",0.613446682024728,9097.80335818288,0,9235.78809881129,-15.269587729279,0.585099744880865,0.00483299106625072,"DIC_umol_kg","DICoce_mean","DICrefN",861,8
"simple",0.212007833638445,9689.46774721461,-571.287860273918,9722.7744087456,-483.182133708375,0.205933017912645,0.00474619361522759,"DIC_umol_kg","DICoce_mean","DICrefN",861,9
"weightedEndmember",0.292843720947095,9598.25975920893,-480.079872268239,9641.08260974878,-401.490334711551,0.291242339550204,0.00599640089981578,"DIC_umol_kg","DICoce_mean","DICrefN",861,9
"cyclicalTime",0.411268741710681,9444.40705382629,-326.227166885599,9506.26228238385,-266.670007346622,0.39291079144557,0.00525978561662177,"DIC_umol_kg","DICoce_mean","DICrefN",861,9
"environmental",0.571856533242546,9175.08301688944,-56.9031299487433,9260.72871796913,-21.1364429319037,0.550120821020047,0.00494615312500537,"DIC_umol_kg","DICoce_mean","DICrefN",861,9
"modMetabolism",0.601266133035035,9120.63991242654,-2.46002548584511,9239.59227503723,0,0.572010029875808,0.00533890461064505,"DIC_umol_kg","DICoce_mean","DICrefN",861,9
"year",0.602647160034624,9118.6233473933,-0.443460452612271,9242.33380450843,-2.74152947119546,0.577777629589484,0.00487691776555156,"DIC_umol_kg","DICoce_mean","DICrefN",861,9
"SRnoYear",0.602909492576255,9119.99245060969,-1.81256366900016,9253.21909673367,-13.6268216964381,0.568748560396671,0.00594679020438844,"DIC_umol_kg","DICoce_mean","DICrefN",861,9
"subregion",0.60418935463036,9118.17988694069,0,9256.1646275691,-16.5723525318663,0.572271783323086,0.00476719611595062,"DIC_umol_kg","DICoce_mean","DICrefN",861,9
"simple",0.203906692556964,9698.2742710996,-567.141662065691,9731.5809326306,-478.928702366749,0.194502250879657,0.00448612107459137,"DIC_umol_kg","DICoce_mean","DICrefN",861,10
"weightedEndmember",0.292713633497767,9598.41813296066,-467.285523926743,9641.24098350051,-388.588753236656,0.270626528040481,0.00578908046578766,"DIC_umol_kg","DICoce_mean","DICrefN",861,10
"cyclicalTime",0.410179887182476,9445.99799680682,-314.865387772907,9507.85322536438,-255.200995100531,0.397151403755946,0.00474749905210267,"DIC_umol_kg","DICoce_mean","DICrefN",861,10
"environmental",0.572074989420709,9174.64358761839,-43.5109785844761,9260.28928869809,-7.6370584342385,0.559400459766281,0.00417099744078044,"DIC_umol_kg","DICoce_mean","DICrefN",861,10
"modMetabolism",0.595171892501036,9133.69986765316,-2.56725861924315,9252.65223026385,0,0.570537815332664,0.00485303470974723,"DIC_umol_kg","DICoce_mean","DICrefN",861,10
"year",0.596831974898372,9131.13260903391,0,9254.84306614903,-2.19083588518515,0.558975288876373,0.0053106288894946,"DIC_umol_kg","DICoce_mean","DICrefN",861,10
"SRnoYear",0.59577983602118,9135.31433888556,-4.18172985164529,9268.54098500953,-15.8887547456852,0.572204203723879,0.00503118231629244,"DIC_umol_kg","DICoce_mean","DICrefN",861,10
"subregion",0.597362968742476,9132.90260862651,-1.76999959260138,9270.88734925492,-18.2351189910696,0.565829164654051,0.00629385522072243,"DIC_umol_kg","DICoce_mean","DICrefN",861,10
"simple",0.197306538693548,9705.38311746986,-561.462735809151,9738.68977900086,-479.11081314237,0.18615353300543,0.00478638584159992,"DIC_umol_kg","DICoce_mean","DICrefN",861,11
"weightedEndmember",0.290985783783717,9600.51892902048,-456.598547359772,9643.34177956033,-383.762813701846,0.280003919820871,0.00561884190112691,"DIC_umol_kg","DICoce_mean","DICrefN",861,11
"cyclicalTime",0.408486701655379,9448.46611245196,-304.545730791249,9510.32134100952,-250.742375151034,0.394229858837641,0.00555845985233611,"DIC_umol_kg","DICoce_mean","DICrefN",861,11
"environmental",0.572427880893394,9173.93326477879,-30.0128831180773,9259.57896585849,0,0.55993157186408,0.00511103446118055,"DIC_umol_kg","DICoce_mean","DICrefN",861,11
"modMetabolism",0.589255588948577,9146.19177143462,-2.27138977391223,9265.14413404532,-5.5651681868294,0.5637472722204,0.00513492330929077,"DIC_umol_kg","DICoce_mean","DICrefN",861,11
"year",0.590799341298881,9143.92038166071,0,9267.63083877583,-8.05187291734546,0.553615592302382,0.00515049448128842,"DIC_umol_kg","DICoce_mean","DICrefN",861,11
"SRnoYear",0.589343531712004,9148.9158413371,-4.99545967639278,9282.14248746108,-22.563521602593,0.561602567648405,0.00565149955246755,"DIC_umol_kg","DICoce_mean","DICrefN",861,11
"subregion",0.590817166559309,9146.78760471409,-2.86722305337935,9284.7723453425,-25.1933794840079,0.567265084360925,0.00473871294046868,"DIC_umol_kg","DICoce_mean","DICrefN",861,11
"simple",0.197210847146121,9705.48575380078,-551.429446501113,9738.79241533177,-480.004360191746,0.188477641941844,0.00524855255539666,"DIC_umol_kg","DICoce_mean","DICrefN",861,12
"weightedEndmember",0.29036475696854,9601.2727503659,-447.21644306624,9644.09560090575,-385.307545765727,0.262654043320491,0.00610475071329754,"DIC_umol_kg","DICoce_mean","DICrefN",861,12
"cyclicalTime",0.407181899832255,9450.36327540088,-296.306968101213,9512.21850395844,-253.430448818412,0.397397710265061,0.00525047546707272,"DIC_umol_kg","DICoce_mean","DICrefN",861,12
"environmental",0.572820466373203,9173.14235406033,-19.0860467606635,9258.78805514002,0,0.554399912699576,0.00493301074549334,"DIC_umol_kg","DICoce_mean","DICrefN",861,12
"modMetabolism",0.584528333107193,9156.04442815038,-1.98812085072132,9274.99679076108,-16.2087356210523,0.557859303568932,0.00522145497280696,"DIC_umol_kg","DICoce_mean","DICrefN",861,12
"year",0.585953653692264,9154.05630729966,0,9277.76676441478,-18.9787092747592,0.554625886952802,0.00510446853965696,"DIC_umol_kg","DICoce_mean","DICrefN",861,12
"SRnoYear",0.584473543662711,9159.06639795194,-5.01009065227663,9292.29304407592,-33.5049889358907,0.554317380780797,0.00540568405751863,"DIC_umol_kg","DICoce_mean","DICrefN",861,12
"subregion",0.585814099134124,9157.25118898732,-3.19488168766111,9295.23592961573,-36.4478744757034,0.568999418637563,0.00496415328334429,"DIC_umol_kg","DICoce_mean","DICrefN",861,12
"simple",0.198558235504343,9704.0394512309,-544.964468217244,9737.3461127619,-479.084254698477,0.201743415839587,0.00472183011284743,"DIC_umol_kg","DICoce_mean","DICrefN",861,13
"weightedEndmember",0.289487610985308,9602.33633385618,-443.261350842518,9645.15918439603,-386.897326332606,0.264008354139456,0.0054465530287069,"DIC_umol_kg","DICoce_mean","DICrefN",861,13
"cyclicalTime",0.405636070790065,9452.60549188426,-293.530508870601,9514.46072044182,-256.1988623784,0.399477920912872,0.00526575349164517,"DIC_umol_kg","DICoce_mean","DICrefN",861,13
"environmental",0.573081455860814,9172.61615698372,-13.541173970063,9258.26185806342,0,0.556832869045014,0.00523841573367593,"DIC_umol_kg","DICoce_mean","DICrefN",861,13
"modMetabolism",0.582063930847052,9161.13642919309,-2.0614461794321,9280.08879180378,-21.8269337403635,0.551696374015369,0.00457591359493226,"DIC_umol_kg","DICoce_mean","DICrefN",861,13
"year",0.583533174898806,9159.07498301366,0,9282.78544012878,-24.5235820653597,0.555618899653815,0.00551990883144146,"DIC_umol_kg","DICoce_mean","DICrefN",861,13
"SRnoYear",0.582021400595334,9164.13247705415,-5.05749404049675,9297.35912317813,-39.0972651147113,0.553876602291081,0.00475435947886593,"DIC_umol_kg","DICoce_mean","DICrefN",861,13
"subregion",0.583368425846603,9162.32024650278,-3.24526348912696,9300.30498713119,-42.0431290677698,0.548831077641412,0.00520586591040072,"DIC_umol_kg","DICoce_mean","DICrefN",861,13
"simple",0.20015474306967,9702.32259041729,-537.407328962066,9735.62925194829,-476.733069315474,0.1907130560375,0.00472628372358086,"DIC_umol_kg","DICoce_mean","DICrefN",861,14
"weightedEndmember",0.28823302998084,9603.85529638368,-438.940034928455,9646.67814692353,-387.781964290718,0.278412797607885,0.00570934694162918,"DIC_umol_kg","DICoce_mean","DICrefN",861,14
"cyclicalTime",0.404180798831669,9454.71103303777,-289.795771582545,9516.56626159533,-257.670078962519,0.38965844872904,0.00505565234684586,"DIC_umol_kg","DICoce_mean","DICrefN",861,14
"environmental",0.572766816254263,9173.25048155311,-8.33522009788794,9258.89618263281,0,0.550900646788963,0.00492547735002418,"DIC_umol_kg","DICoce_mean","DICrefN",861,14
"modMetabolism",0.579303440673633,9166.80468139984,-1.88941994460947,9285.75704401053,-26.860861377716,0.545039448024832,0.00474967675220708,"DIC_umol_kg","DICoce_mean","DICrefN",861,14
"year",0.58069862187666,9164.91526145523,0,9288.62571857035,-29.7295359375348,0.552308552468009,0.00539607403312104,"DIC_umol_kg","DICoce_mean","DICrefN",861,14
"SRnoYear",0.579274009976811,9169.77334706604,-4.85808561081649,9302.99999319002,-44.1038105572061,0.541099250546483,0.00594564882603335,"DIC_umol_kg","DICoce_mean","DICrefN",861,14
"subregion",0.58052470576342,9168.17703951639,-3.26177806115993,9306.16178014479,-47.2655975119778,0.549277710495611,0.00505984058633707,"DIC_umol_kg","DICoce_mean","DICrefN",861,14
"simple",0.0793446905713675,9591.32496790132,-456.252620616771,9624.63162943231,-370.868112860775,0.0719050776536005,0.00411521404356133,"TA_umol_kg","TAoce_mean","TArefN",861,1
"weightedEndmember",0.289371116105228,9370.36521188481,-235.292864600271,9413.18806242466,-159.42454585313,0.284664097082449,0.00680014636564929,"TA_umol_kg","TAoce_mean","TArefN",861,1
"cyclicalTime",0.342979701342175,9306.78530776072,-171.712960476179,9368.64053631828,-114.877019746749,0.326835548527408,0.00598645448409956,"TA_umol_kg","TAoce_mean","TArefN",861,1
"environmental",0.443897179642768,9168.11781549184,-33.0454682072923,9253.76351657153,0,0.426453033669155,0.00715786562631748,"TA_umol_kg","TAoce_mean","TArefN",861,1
"modMetabolism",0.448855288109739,9167.23610183076,-32.1637545462199,9286.18846444146,-32.4249478699221,0.396258964977533,0.00774895901470259,"TA_umol_kg","TAoce_mean","TArefN",861,1
"year",0.44940085945137,9167.3540976259,-32.2817503413607,9291.06455474103,-37.3010381694912,0.391625795124205,0.00774299233356865,"TA_umol_kg","TAoce_mean","TArefN",861,1
"SRnoYear",0.470854649039211,9135.07234728454,0,9268.29899340852,-14.5354768369853,0.42539568168494,0.00820481130976288,"TA_umol_kg","TAoce_mean","TArefN",861,1
"subregion",0.471339395166738,9135.25023654414,-0.177889259597578,9273.23497717255,-19.4714606010111,0.432737658402234,0.00718225191432979,"TA_umol_kg","TAoce_mean","TArefN",861,1
"simple",0.0771889511290244,9593.33866616878,-490.057081529645,9626.64532769977,-390.137096936664,0.0728266180870466,0.00396166556475398,"TA_umol_kg","TAoce_mean","TArefN",861,2
"weightedEndmember",0.305242781038209,9350.917055254,-247.635470614865,9393.73990579385,-157.231675030738,0.286959938310345,0.00737938593351343,"TA_umol_kg","TAoce_mean","TArefN",861,2
"cyclicalTime",0.360182236673868,9283.94166647282,-180.660081833688,9345.79689503038,-109.288664267273,0.343769330669636,0.0062450093803461,"TA_umol_kg","TAoce_mean","TArefN",861,2
"environmental",0.453730825831669,9152.7564057309,-49.4748210917696,9238.4021068106,-1.89387604749209,0.412996011657597,0.0074554537832039,"TA_umol_kg","TAoce_mean","TArefN",861,2
"modMetabolism",0.474108195875519,9126.85355415118,-23.5719695120442,9245.80591676187,-9.29768599876115,0.423304961039482,0.00774857851718737,"TA_umol_kg","TAoce_mean","TArefN",861,2
"year",0.474662815402392,9126.91575259996,-23.6341679608231,9250.62620971508,-14.1179789519683,0.430866569345005,0.00779440825016372,"TA_umol_kg","TAoce_mean","TArefN",861,2
"SRnoYear",0.490036022758511,9103.28158463913,0,9236.50823076311,0,0.454624271503283,0.00788862842566501,"TA_umol_kg","TAoce_mean","TArefN",861,2
"subregion",0.490369546786174,9103.68530008468,-0.403715445550915,9241.67004071309,-5.16180994997922,0.446438053498369,0.00784170571997425,"TA_umol_kg","TAoce_mean","TArefN",861,2
"simple",0.0894553481747602,9581.81714260352,-509.778859384796,9615.12380413451,-409.858874791815,0.079946427983871,0.0040725124284595,"TA_umol_kg","TAoce_mean","TArefN",861,3
"weightedEndmember",0.323071796087228,9328.53342957897,-256.495146360254,9371.35628011882,-166.091350776127,0.304940548503617,0.00691280248806241,"TA_umol_kg","TAoce_mean","TArefN",861,3
"cyclicalTime",0.374170074616972,9264.90948403459,-192.871200815867,9326.76471259215,-121.499783249452,0.349273246849262,0.00766655156653293,"TA_umol_kg","TAoce_mean","TArefN",861,3
"environmental",0.463717735119761,9136.86991288339,-64.8316296646681,9222.51561396309,-17.2506846203905,0.446155221176929,0.0069563844819758,"TA_umol_kg","TAoce_mean","TArefN",861,3
"modMetabolism",0.496856849475986,9088.77946868356,-16.7411854648362,9207.73183129425,-2.46690195155315,0.442749713574923,0.00760685703428165,"TA_umol_kg","TAoce_mean","TArefN",861,3
"year",0.497615520220547,9088.45093035891,-16.4126471401905,9212.16138747403,-6.89645813133575,0.449289911653147,0.00824604566535159,"TA_umol_kg","TAoce_mean","TArefN",861,3
"SRnoYear",0.508209474546807,9072.03828321872,0,9205.26492934269,0,0.465433523323178,0.00757651795817349,"TA_umol_kg","TAoce_mean","TArefN",861,3
"subregion",0.508695884807679,9072.15328775701,-0.11500453829467,9210.13802838542,-4.87309904272297,0.468225192925842,0.00728454326031835,"TA_umol_kg","TAoce_mean","TArefN",861,3
"simple",0.103046784717308,9568.86836115114,-540.069757994097,9602.17502268214,-440.851562651462,0.0952786689458656,0.00469637366855786,"TA_umol_kg","TAoce_mean","TArefN",861,4
"weightedEndmember",0.342308663858506,9303.71123896302,-274.912635805971,9346.53408950287,-185.210629472191,0.32558083196518,0.00749191015590839,"TA_umol_kg","TAoce_mean","TArefN",861,4
"cyclicalTime",0.385953673098427,9248.54336079659,-219.744757639546,9310.39858935415,-149.075129323477,0.372817894772763,0.00650572557095894,"TA_umol_kg","TAoce_mean","TArefN",861,4
"environmental",0.474022598218237,9120.16445800499,-91.3658548479398,9205.81015908469,-44.4866990540086,0.448666226946027,0.00748302084319328,"TA_umol_kg","TAoce_mean","TArefN",861,4
"modMetabolism",0.523258614187858,9042.37109741998,-13.5724942629367,9161.32346003068,0,0.485503355409387,0.00672386438109797,"TA_umol_kg","TAoce_mean","TArefN",861,4
"year",0.52405245426998,9041.90693001812,-13.1083268610764,9165.61738713324,-4.29392710256798,0.485016783346139,0.00734610406349011,"TA_umol_kg","TAoce_mean","TArefN",861,4
"SRnoYear",0.532297428682008,9028.79860315705,0,9162.02524928102,-0.701789250346337,0.483315433732344,0.00677220930625148,"TA_umol_kg","TAoce_mean","TArefN",861,4
"subregion",0.532818287065643,9028.80622006401,-0.00761690695981088,9166.79096069241,-5.46750066173445,0.488400911948367,0.00750300476258731,"TA_umol_kg","TAoce_mean","TArefN",861,4
"simple",0.108183966599497,9563.92292085549,-559.623161550129,9597.22958238649,-460.832493714504,0.0945027873659374,0.00418054477380595,"TA_umol_kg","TAoce_mean","TArefN",861,5
"weightedEndmember",0.353621985082385,9288.77182803588,-284.472068730522,9331.59467857573,-195.197589903752,0.338356791908092,0.00739287308663781,"TA_umol_kg","TAoce_mean","TArefN",861,5
"cyclicalTime",0.392473882098479,9239.3520053658,-235.052246060435,9301.20723392336,-164.810145251377,0.366613309120587,0.00770390559516447,"TA_umol_kg","TAoce_mean","TArefN",861,5
"environmental",0.475933799329664,9117.03021487407,-112.730455568708,9202.67591595377,-66.278827281787,0.448391200784884,0.00719209519234626,"TA_umol_kg","TAoce_mean","TArefN",861,5
"modMetabolism",0.536862638880553,9017.44472606129,-13.1449667559264,9136.39708867198,0,0.505208560180735,0.00728870539166623,"TA_umol_kg","TAoce_mean","TArefN",861,5
"year",0.537940631298543,9016.40904905479,-12.1092897494273,9140.11950616991,-3.7224174979292,0.487579091498218,0.00764700954401086,"TA_umol_kg","TAoce_mean","TArefN",861,5
"SRnoYear",0.545127816562321,9004.84894230984,-0.549183004473889,9138.07558843381,-1.67849976183061,0.508304689202269,0.00778177838089875,"TA_umol_kg","TAoce_mean","TArefN",861,5
"subregion",0.545928124961016,9004.29975930536,0,9142.28449993377,-5.88741126178502,0.509454826709578,0.00808704726941469,"TA_umol_kg","TAoce_mean","TArefN",861,5
"simple",0.111053874102533,9561.14771307547,-558.329347067624,9594.45437460646,-459.348829610195,0.101700955476524,0.00489436847699041,"TA_umol_kg","TAoce_mean","TArefN",861,6
"weightedEndmember",0.359495163395816,9280.91277290631,-278.09440689847,9323.73562344616,-188.630078449896,0.343447055964281,0.00749434660977455,"TA_umol_kg","TAoce_mean","TArefN",861,6
"cyclicalTime",0.395712183033001,9234.75033565188,-231.931969644031,9296.60556420944,-161.500019213168,0.382793340523469,0.00748003700387048,"TA_umol_kg","TAoce_mean","TArefN",861,6
"environmental",0.476360860804431,9116.32830005862,-113.509934050775,9201.97400113832,-66.8684561420505,0.454996997321147,0.00789397367947625,"TA_umol_kg","TAoce_mean","TArefN",861,6
"modMetabolism",0.537556847611347,9016.15318238557,-13.33481637773,9135.10554499627,0,0.493786087984355,0.0077532737142858,"TA_umol_kg","TAoce_mean","TArefN",861,6
"year",0.539007757799268,9014.41826909058,-11.5999030827334,9138.1287262057,-3.02318120943164,0.500351755960298,0.00711723379212758,"TA_umol_kg","TAoce_mean","TArefN",861,6
"SRnoYear",0.545568133473939,9004.0150894516,-1.19672344375431,9137.24173557558,-2.13619057930737,0.50559020585956,0.00735243248305523,"TA_umol_kg","TAoce_mean","TArefN",861,6
"subregion",0.546708706485243,9002.81836600784,0,9140.80310663625,-5.69756163998136,0.507191568269476,0.00717090717832169,"TA_umol_kg","TAoce_mean","TArefN",861,6
"simple",0.108383750489005,9563.73001874058,-550.357694897666,9597.03668027157,-452.85742720738,0.101501614703273,0.00414629855592421,"TA_umol_kg","TAoce_mean","TArefN",861,7
"weightedEndmember",0.361187505015494,9278.63482833618,-265.262504493265,9321.45767887603,-177.278425811834,0.350142294494055,0.00733433580763051,"TA_umol_kg","TAoce_mean","TArefN",861,7
"cyclicalTime",0.395195191374515,9235.48663961348,-222.114315770565,9297.34186817104,-153.162615106845,0.370035019972451,0.00723818628800774,"TA_umol_kg","TAoce_mean","TArefN",861,7
"environmental",0.474800500089331,9118.89012704851,-105.517803205599,9204.53582812821,-60.3565750640173,0.443221233832051,0.00703142335059835,"TA_umol_kg","TAoce_mean","TArefN",861,7
"modMetabolism",0.532657588207019,9025.2268904535,-11.8545666105874,9144.17925306419,0,0.489865611510405,0.00658398902098074,"TA_umol_kg","TAoce_mean","TArefN",861,7
"year",0.534263160001741,9023.23451210054,-9.86218825762444,9146.94496921566,-2.76571615146531,0.477335844086059,0.00682796489014172,"TA_umol_kg","TAoce_mean","TArefN",861,7
"SRnoYear",0.53985642629327,9014.76946487653,-1.39714103361257,9147.9961110005,-3.81685793630822,0.499366522253035,0.00736475598407559,"TA_umol_kg","TAoce_mean","TArefN",861,7
"subregion",0.541118162803277,9013.37232384291,0,9151.35706447132,-7.17781140712395,0.496434382646505,0.00652320510935402,"TA_umol_kg","TAoce_mean","TArefN",861,7
"simple",0.104124995698279,9567.83274629815,-542.368606711874,9601.13940782914,-447.672777350013,0.0970540560854222,0.00396786503500991,"TA_umol_kg","TAoce_mean","TArefN",861,8
"weightedEndmember",0.362196090110585,9277.27436963577,-251.810230049499,9320.09722017562,-166.630589696493,0.35635691820659,0.00765371101778763,"TA_umol_kg","TAoce_mean","TArefN",861,8
"cyclicalTime",0.395528834251857,9235.01153462377,-209.547395037498,9296.86676318133,-143.400132702203,0.371571841861436,0.00761594774279313,"TA_umol_kg","TAoce_mean","TArefN",861,8
"environmental",0.473354512182969,9121.25738911885,-95.7932495325804,9206.90309019855,-53.4364597194235,0.445624181748906,0.00767075196058081,"TA_umol_kg","TAoce_mean","TArefN",861,8
"modMetabolism",0.527589203715175,9034.51426786843,-9.0501282821624,9153.46663047913,0,0.488842065849757,0.00771699409717597,"TA_umol_kg","TAoce_mean","TArefN",861,8
"year",0.52914890014342,9032.63762592903,-7.17348634275913,9156.34808304415,-2.88145256502503,0.487441048608949,0.00798232290550371,"TA_umol_kg","TAoce_mean","TArefN",861,8
"SRnoYear",0.533424349771381,9026.72153552103,-1.25739593475737,9159.948181645,-6.48155116587805,0.500012074749001,0.00720278380996687,"TA_umol_kg","TAoce_mean","TArefN",861,8
"subregion",0.53462819704628,9025.46413958627,0,9163.44888021468,-9.98224973554898,0.508122040395045,0.00735892820138752,"TA_umol_kg","TAoce_mean","TArefN",861,8
"simple",0.0976848231053812,9574.00007205612,-536.695110426039,9607.30673358712,-444.351527644061,0.0876705104501036,0.00430992904168355,"TA_umol_kg","TAoce_mean","TArefN",861,9
"weightedEndmember",0.363659377571979,9275.29674303814,-237.99178140806,9318.11959357799,-155.164387634937,0.35848099539337,0.00733419400908285,"TA_umol_kg","TAoce_mean","TArefN",861,9
"cyclicalTime",0.394953306316147,9235.8309182917,-198.525956661615,9297.68614684926,-134.730940906204,0.364895290791597,0.0071357956758894,"TA_umol_kg","TAoce_mean","TArefN",861,9
"environmental",0.472691737112607,9122.34026284158,-85.0353012114902,9207.98596392127,-45.0307579782166,0.442162521983737,0.00775164990386446,"TA_umol_kg","TAoce_mean","TArefN",861,9
"modMetabolism",0.522354249005978,9044.00284333236,-6.69788170227912,9162.95520594306,0,0.490334663920934,0.00604172685810376,"TA_umol_kg","TAoce_mean","TArefN",861,9
"year",0.524080256438229,9041.85663379062,-4.55167216053451,9165.56709090574,-2.61188496268369,0.47844238111212,0.00680547075458301,"TA_umol_kg","TAoce_mean","TArefN",861,9
"SRnoYear",0.526777967645885,9038.89996609927,-1.59500446918719,9172.12661222325,-9.17140628019115,0.484622672291399,0.00749425859481255,"TA_umol_kg","TAoce_mean","TArefN",861,9
"subregion",0.528184004801831,9037.30496163009,0,9175.28970225849,-12.3344963154323,0.485191587024382,0.00763276690479746,"TA_umol_kg","TAoce_mean","TArefN",861,9
"simple",0.0884709617772818,9582.74746367156,-539.331931453416,9616.05412520255,-449.207765419378,0.0860595691659456,0.0042071866148158,"TA_umol_kg","TAoce_mean","TArefN",861,10
"weightedEndmember",0.364401430650096,9274.29212304235,-230.876590824213,9317.1149735822,-150.268613799029,0.351524227828595,0.00721267775251685,"TA_umol_kg","TAoce_mean","TArefN",861,10
"cyclicalTime",0.394031392682042,9237.14183119535,-193.726298977213,9298.99705975292,-132.150699969741,0.374703989317803,0.00693455913089429,"TA_umol_kg","TAoce_mean","TArefN",861,10
"environmental",0.472367655522758,9122.8692675186,-79.4537353004544,9208.51496859829,-41.66860881512,0.454935587606856,0.00818586528188578,"TA_umol_kg","TAoce_mean","TArefN",861,10
"modMetabolism",0.520190719108795,9047.89399717248,-4.47846495433987,9166.84635978317,0,0.469265705564935,0.00805317263773138,"TA_umol_kg","TAoce_mean","TArefN",861,10
"year",0.522171262591824,9045.30334102952,-1.88780881138155,9169.01379814464,-2.16743836146998,0.480421582663701,0.00720553502631936,"TA_umol_kg","TAoce_mean","TArefN",861,10
"SRnoYear",0.523134183123714,9045.5042266595,-2.0886944413578,9178.73087278348,-11.884513000301,0.489730018158153,0.00697319593100856,"TA_umol_kg","TAoce_mean","TArefN",861,10
"subregion",0.52482358687568,9043.41553221814,0,9181.40027284655,-14.5539130633715,0.469234426933809,0.00766193389743738,"TA_umol_kg","TAoce_mean","TArefN",861,10
"simple",0.0807611843149627,9589.99923797203,-536.431181712043,9623.30589950302,-447.414583512304,0.0762217146076944,0.00398074196206139,"TA_umol_kg","TAoce_mean","TArefN",861,11
"weightedEndmember",0.364667676767238,9273.93138287694,-220.363326616955,9316.75423341679,-140.86291742607,0.355538519137841,0.00731507329124997,"TA_umol_kg","TAoce_mean","TArefN",861,11
"cyclicalTime",0.393491141011878,9237.90911426943,-184.341058009444,9299.76434282699,-123.873026836271,0.386452458696002,0.00659004387627361,"TA_umol_kg","TAoce_mean","TArefN",861,11
"environmental",0.472850347414368,9122.08124165383,-68.5131853938474,9207.72694273353,-31.8356267428117,0.45359600485965,0.00676773200209087,"TA_umol_kg","TAoce_mean","TArefN",861,11
"modMetabolism",0.51512366982769,9056.93895338002,-3.37089712004126,9175.89131599072,0,0.469526188147322,0.00720007982268734,"TA_umol_kg","TAoce_mean","TArefN",861,11
"year",0.51702341689696,9054.52963788963,-0.961581629642751,9178.24009500475,-2.34877901402979,0.469946036948753,0.00670563631351952,"TA_umol_kg","TAoce_mean","TArefN",861,11
"SRnoYear",0.517545122143626,9055.53681738332,-1.96876112333302,9188.76346350729,-12.8721475165748,0.473958220795818,0.00755560100875751,"TA_umol_kg","TAoce_mean","TArefN",861,11
"subregion",0.519187356080272,9053.56805625998,0,9191.55279688839,-15.6614808976701,0.492258922809117,0.00734542411746994,"TA_umol_kg","TAoce_mean","TArefN",861,11
"simple",0.0778289031681417,9592.74137179489,-527.206025315325,9626.04803332588,-437.884694639579,0.0741198241795877,0.00406021970341052,"TA_umol_kg","TAoce_mean","TArefN",861,12
"weightedEndmember",0.364062929984439,9274.75054366541,-209.215197185842,9317.57339420526,-129.410055518951,0.357371531549519,0.00767859180238159,"TA_umol_kg","TAoce_mean","TArefN",861,12
"cyclicalTime",0.392523111421123,9239.28223360952,-173.746887129959,9301.13746216708,-112.974123480779,0.383822182751385,0.00748296839283377,"TA_umol_kg","TAoce_mean","TArefN",861,12
"environmental",0.472979032598077,9121.87103290465,-56.3356864250891,9207.51673398435,-19.353395298047,0.44979012065521,0.0066972002559602,"TA_umol_kg","TAoce_mean","TArefN",861,12
"modMetabolism",0.508163133474831,9069.21097607561,-3.67562959604766,9188.1633386863,0,0.453551785593234,0.00792890166515926,"TA_umol_kg","TAoce_mean","TArefN",861,12
"year",0.50996108285789,9067.02846527481,-1.49311879524066,9190.73892238993,-2.57558370362131,0.455552780601833,0.00883190998119696,"TA_umol_kg","TAoce_mean","TArefN",861,12
"SRnoYear",0.510927752399737,9067.26606984218,-1.73072336261612,9200.49271596616,-12.3293772798515,0.44151270397556,0.00831250034485681,"TA_umol_kg","TAoce_mean","TArefN",861,12
"subregion",0.512457740750109,9065.53534647956,0,9203.52008710797,-15.3567484216637,0.461703345367075,0.00803902673616528,"TA_umol_kg","TAoce_mean","TArefN",861,12
"simple",0.0769771059672205,9593.53629899032,-518.767443821325,9626.84296052131,-428.103798050539,0.068938291666183,0.00348073714571312,"TA_umol_kg","TAoce_mean","TArefN",861,13
"weightedEndmember",0.362142929526969,9277.34613049265,-202.577275323658,9320.1689810325,-121.429818561726,0.344447053418585,0.00755010708318357,"TA_umol_kg","TAoce_mean","TArefN",861,13
"cyclicalTime",0.390645163231634,9241.93981500093,-167.170959831938,9303.79504355849,-105.055881087717,0.379872344154962,0.0070246740111212,"TA_umol_kg","TAoce_mean","TArefN",861,13
"environmental",0.472649898697309,9122.40857477426,-47.6397196052712,9208.05427585396,-9.31511338318887,0.456541863585099,0.00794090464461622,"TA_umol_kg","TAoce_mean","TArefN",861,13
"modMetabolism",0.502084553657553,9079.78679986008,-5.01794469108791,9198.73916247077,0,0.466420402933172,0.00679083961878068,"TA_umol_kg","TAoce_mean","TArefN",861,13
"year",0.503924876247454,9077.56931265908,-2.80045749009514,9201.27976977421,-2.54060730343554,0.461399439491039,0.0077961196549328,"TA_umol_kg","TAoce_mean","TArefN",861,13
"SRnoYear",0.505680240735519,9076.45498005386,-1.6861248848727,9209.68162617784,-10.9424637070679,0.449777995602495,0.00630077742213207,"TA_umol_kg","TAoce_mean","TArefN",861,13
"subregion",0.50720111956615,9074.76885516899,0,9212.75359579739,-14.0144333266235,0.44712299643186,0.00732863455770917,"TA_umol_kg","TAoce_mean","TArefN",861,13
"simple",0.0765968322920642,9593.89094697295,-511.097027444746,9627.19760850394,-420.235429470677,0.0707396891304334,0.00417176795311744,"TA_umol_kg","TAoce_mean","TArefN",861,14
"weightedEndmember",0.360703513902361,9279.28691102161,-196.492991493402,9322.10976156145,-115.147582528187,0.344650740725566,0.00728945895382081,"TA_umol_kg","TAoce_mean","TArefN",861,14
"cyclicalTime",0.389233639634893,9243.93194883456,-161.138029306354,9305.78717739212,-98.8249983588503,0.383649179554606,0.00737613771167551,"TA_umol_kg","TAoce_mean","TArefN",861,14
"environmental",0.472396224162956,9122.82264743283,-40.0287279046261,9208.46834851253,-1.50616947926028,0.444033632415364,0.0073258668413977,"TA_umol_kg","TAoce_mean","TArefN",861,14
"modMetabolism",0.497306410724194,9088.00981642257,-5.21589689437133,9206.96217903327,0,0.452513332609664,0.00673706410738516,"TA_umol_kg","TAoce_mean","TArefN",861,14
"year",0.499077955530547,9085.94091440021,-3.1469948720096,9209.65137151533,-2.68919248206657,0.455247283444079,0.00759001161742257,"TA_umol_kg","TAoce_mean","TArefN",861,14
"SRnoYear",0.501148694725107,9084.31201159634,-1.51809206813959,9217.53865772032,-10.5764786870513,0.454444762029924,0.00796277274519652,"TA_umol_kg","TAoce_mean","TArefN",861,14
"subregion",0.502586450022071,9082.7939195282,0,9220.77866015661,-13.8164811233401,0.466824104753302,0.00756654744288331,"TA_umol_kg","TAoce_mean","TArefN",861,14
