"EXPOCODE","Cruise_ID","Observation_Type","Sample._ID","Station_ID","Cast_number","Niskin_ID","Year_UTC","Month_UTC","Day_UTC","Time_UTC","YearDay_UTC","Latitude_Dec_Deg","Longitude_Dec_Deg","Depth_Bottom_meters","Depth_meters","CTDPRES_dbar","FlowThrough.Intake_Temperature_deg_C","TSGTEMP_deg_C","CTDTEMP_ITS90","TSGSAL_PSS78","CTDSAL_PSS78","Salinity_PSS78","Salinity_Flag","CTDOXY_mg.L","CTDOXY_umol.kg","DIC_umol.kg","DIC_Flag","TA_umol.kg","TA_Flag","pH_TS_20C","pH_TS_25C","pH_Flag","Silicate_umol.kg","Nitrite_and_Nitrate_umol.kg","Ammonium_umol.kg","Phosphate_umol.kg","Nutrients_Flag","X","Y","bathymetry","resolution","tight","nBox","nTight","line_id","line_name","alt_station_id"
"33RO20090819","RB09-05","Flow-through","250000","25",0,0,2009,8,20,"1:46:55",232.0743,24.275,-82.8763,-999,5,"-999",-999,30.05,-999,36.039,-999,-999,9,-999,-999,2026.1,2,-999,9,-999,-999,9,-999,-999,-999,-999,9,-82.8763,24.275,478.413909912109,2752,"yes","no","no",NA,NA,NA
"33RO20090819","RB09-05","Flow-through","300000","30",0,0,2009,8,20,"10:52:55",232.4534,25.4454,-84.131,-999,5,"-999",-999,29.4,-999,35.703,-999,-999,9,-999,-999,2018.6,2,-999,9,-999,-999,9,-999,-999,-999,-999,9,-84.131,25.4454,150.855773925781,9917,"no","yes","no","MI","Marco Island",NA
"33WA20111020","WS1116","Niskin","2150106","21.5",1,6,2011,10,21,"13:00:11",294.5418,24.4662,-81.392,-999,3.7,"-999",27.5,27.87,27.56,35.451,35.473,-999,9,-999,-999,2006.3,2,2350.2,2,-999,-999,9,-999,-999,-999,-999,9,-81.392,24.4662,167.361740112305,1911,"yes","no","no","LK","Looe Key",NA
"33WA20111020","WS1116","Niskin","240104","24",1,4,2011,10,21,"17:06:30",294.7128,24.5357,-81.8322,-999,1,"-999",24.65,24.93,24.48,32.648,32.445,-999,9,-999,-999,1994.8,2,2199.6,2,-999,-999,9,-999,-999,-999,-999,9,-81.8322,24.5357,8.37011241912842,224,"yes","no","no","KWS","Key West South",NA
"33WA20111020","WS1116","Flow-through","2250000","22.5",0,0,2011,10,21,"20:25:10",294.8508,24.5445,-81.7944,-999,1.5,"-999",27.41,27.76,27.4,35.25,35.274,-999,9,-999,-999,2012.5,2,2359.1,2,-999,-999,9,-999,-999,-999,-999,9,-81.7944,24.5445,2,117,"yes","yes","yes","KWS","Key West South",NA
"33WA20111020","WS1116","Niskin","2250105","22.5",1,5,2011,10,21,"20:25:10",294.8508,24.5445,-81.7944,-999,1.3,"-999",27.41,27.76,27.4,35.252,35.274,-999,9,-999,-999,2011.5,2,2358.4,2,-999,-999,9,-999,-999,-999,-999,9,-81.7944,24.5445,2,117,"yes","yes","yes","KWS","Key West South",NA
"33WA20111020","WS1116","Niskin","2550105","25.5",1,5,2011,10,22,"5:29:01",295.2285,24.1198,-82.7664,-999,1.6,"-999",27.36,27.74,27.37,35.396,35.399,-999,9,-999,-999,2021.3,2,2369.7,2,-999,-999,9,-999,-999,-999,-999,9,-82.7664,24.1198,731.009582519531,7167,"yes","no","no",NA,NA,NA
"33WA20111020","WS1116","Flow-through","740000","74",0,0,2011,10,22,"9:50:53",295.4103,24.5203,-82.9535,-999,1.5,"-999",26.72,27.2,26.68,34.805,34.763,-999,9,-999,-999,2033.7,2,2349.3,2,-999,-999,9,-999,-999,-999,-999,9,-82.9535,24.5203,23.6699924468994,878,"yes","no","no",NA,NA,NA
"33WA20111020","WS1116","Flow-through","280000","28",0,0,2011,10,22,"12:36:28",295.5253,24.7199,-82.7479,-999,1.5,"-999",27.26,27.61,27.24,34.874,34.874,-999,9,-999,-999,2022.2,2,2357.4,2,-999,-999,9,-999,-999,-999,-999,9,-82.7479,24.7199,28.8760852813721,675,"yes","yes","yes",NA,NA,NA
"33WA20111020","WS1116","Niskin","300103","30",1,3,2011,10,22,"19:51:00",295.8271,25.3998,-82.2103,-999,2,"-999",26.71,27.09,26.71,36.179,36.177,-999,9,-999,-999,2028.5,2,2365.3,2,-999,-999,9,-999,-999,-999,-999,9,-82.2103,25.3998,25.1684474945068,7019,"no","yes","no","MI","Marco Island",NA
"33WA20111020","WS1116","Niskin","310103","31",1,3,2011,10,22,"23:26:00",295.9764,25.739,-81.9419,-999,1.7,"-999",25.62,26.01,25.61,36.284,36.291,-999,9,-999,-999,2008.6,6,2322.1,6,-999,-999,9,-999,-999,-999,-999,9,-81.9419,25.739,15.4018774032593,4929,"no","yes","no","MI","Marco Island",NA
"33WA20111020","WS1116","Niskin","340102","34",1,2,2011,10,23,"1:53:00",296.0785,25.9472,-81.7693,-999,1.8,"-999",24.13,24.48,24.18,34.789,34.936,-999,9,-999,-999,2214,2,2542.1,2,-999,-999,9,-999,-999,-999,-999,9,-81.7693,25.9472,6.22810888290405,2040,"no","yes","no","MI","Marco Island",NA
"33WA20111020","WS1116","Flow-through","670000","67",0,0,2011,10,23,"6:50:30",296.2851,25.6774,-81.4822,-999,1.5,"-999",23.62,23.98,23.73,33.606,33.919,-999,9,-999,-999,2238.6,2,2584.8,2,-999,-999,9,-999,-999,-999,-999,9,-81.4822,25.6774,4.79709768295288,3127,"no","yes","no","EC","East Cape",NA
"33WA20111020","WS1116","Flow-through","710000","71",0,0,2011,10,23,"6:52:30",296.2865,25.6774,-81.4822,-999,1.5,"-999",23.68,24.02,23.73,33.782,33.919,-999,9,-999,-999,2249.3,2,2613.8,2,-999,-999,9,-999,-999,-999,-999,9,-81.4822,25.6774,4.79709768295288,3127,"no","yes","no",NA,NA,NA
"33WA20111020","WS1116","Flow-through","540000","54",0,0,2011,10,23,"12:17:10",296.5119,25.3432,-81.1561,-999,1.5,"-999",22.97,23.33,22.98,24.907,25.033,-999,9,-999,-999,3014.6,2,3175.1,2,-999,-999,9,-999,-999,-999,-999,9,-81.1561,25.3432,2.24022269248962,945,"no","yes","no","SR","Shark River",NA
"33WA20111020","WS1116","Niskin","540101","54",1,1,2011,10,23,"12:17:10",296.5119,25.3432,-81.1561,-999,1.2,"-999",22.97,23.34,22.98,24.915,25.033,-999,9,-999,-999,2987.9,2,3202.4,2,-999,-999,9,-999,-999,-999,-999,9,-81.1561,25.3432,2.24022269248962,945,"no","yes","no","SR","Shark River",NA
"33WA20111020","WS1116","Niskin","560101","56",1,1,2011,10,23,"13:34:00",296.5653,25.349,-81.2272,-999,1.5,"-999",23.07,23.44,23.06,32.495,32.489,-999,9,-999,-999,2278.7,2,2657.9,2,-999,-999,9,-999,-999,-999,-999,9,-81.2272,25.349,3.02198529243469,2337,"no","yes","no","SR","Shark River",NA
"33WA20111020","WS1116","Niskin","580103","58",1,3,2011,10,23,"17:31:28",296.7302,25.1654,-81.4881,-999,1.8,"-999",25.61,26,25.63,36.381,36.395,-999,9,-999,-999,2008.9,6,2339.4,6,-999,-999,9,-999,-999,-999,-999,9,-81.4881,25.1654,8.8177604675293,3690,"no","yes","no","MC","Middle Cape",NA
"33WA20111020","WS1116","Flow-through","640000","64",0,0,2011,10,24,"15:43:43",297.6554,24.8962,-80.6074,-999,1.5,"-999",25.1,25.51,24.57,33.137,33.988,-999,9,-999,-999,2041.8,2,2308.4,2,-999,-999,9,-999,-999,-999,-999,9,-80.6074,24.8962,5.31043863296509,255,"yes","no","no","MC","Middle Cape",NA
"33WA20111020","WS1116","Flow-through","610000","61",0,0,2011,10,24,"16:26:30",297.6851,24.8649,-80.5793,-999,1.5,"-999",-999,-999,27.02,-999,34.963,-999,9,-999,-999,2028.8,2,2340.6,2,-999,-999,9,-999,-999,-999,-999,9,-80.5793,24.8649,24.4368495941162,175,"yes","no","no","MC","Middle Cape",NA
"33WA20111211","WS1118","Niskin","950106","9.5",1,6,2011,12,12,"0:05:00",346.0035,24.7161,-80.6918,-999,1.2,"-999",25.25,26.26,26.08,35.961,35.953,-999,9,-999,-999,2013,2,2346.7,2,-999,-999,9,-999,-999,-999,-999,9,-80.6918,24.7161,125.256004333496,1473,"yes","no","no","MM75","Craig Key",NA
"33WA20111211","WS1118","Niskin","2250103","22.5",1,3,2011,12,12,"17:57:00",346.7479,24.3949,-81.8321,-999,1,"-999",24.95,25.96,25.64,35.971,35.972,-999,9,-999,-999,2021.5,6,2353.5,6,-999,-999,9,-999,-999,-999,-999,9,-81.8321,24.3949,148.440994262695,1178,"yes","no","no","KWS","Key West South",NA
"33WA20111211","WS1118","Niskin","2550105","25.5",1,5,2011,12,13,"1:36:00",347.0667,24.2852,-82.7681,-999,1.8,"-999",24.4,25.42,25.08,35.958,35.967,-999,9,-999,-999,2028.6,2,2359.4,2,-999,-999,9,-999,-999,-999,-999,9,-82.7681,24.2852,379.104156494141,2127,"yes","no","no",NA,NA,NA
"33WA20111211","WS1118","Flow-through","DT90000","DT9",0,0,2011,12,13,"5:04:00",347.2111,24.4638,-83.0491,-999,1.5,"-999",24.46,25.45,25.45,35.963,35.962,-999,9,-999,-999,2029.6,2,2355.1,2,-999,-999,9,-999,-999,-999,-999,9,-83.0491,24.4638,58.5108375549316,2622,"yes","no","no",NA,NA,NA
"33WA20111211","WS1118","Niskin","300104","30",1,4,2011,12,13,"17:31:00",347.7299,25.3993,-82.2121,-999,1.8,"-999",22.25,23.24,22.94,36.241,36.246,-999,9,-999,-999,2072.6,2,2393.9,2,-999,-999,9,-999,-999,-999,-999,9,-82.2121,25.3993,25.1684474945068,7019,"no","yes","no","MI","Marco Island",NA
"33WA20111211","WS1118","Flow-through","300000","30",0,0,2011,12,13,"17:31:00",347.7299,25.3993,-82.2121,-999,1.5,"-999",22.25,23.24,22.94,36.24,36.246,-999,9,-999,-999,2071.7,2,2395.7,2,-999,-999,9,-999,-999,-999,-999,9,-82.2121,25.3993,25.1684474945068,7019,"no","yes","no","MI","Marco Island",NA
"33WA20111211","WS1118","Niskin","390102","39",1,2,2011,12,14,"4:54:00",348.2042,25.7825,-81.4812,-999,1.2,"-999",21.61,22.6,22.59,32.391,32.476,-999,9,-999,-999,2429.3,2,2729,2,-999,-999,9,-999,-999,-999,-999,9,-81.4812,25.7825,2.70936322212219,2148,"no","yes","no","EC","Everglades City",NA
"33WA20111211","WS1118","Niskin","390103","39",1,3,2011,12,14,"4:54:00",348.2042,25.7825,-81.4812,-999,1.2,"-999",21.61,22.61,22.59,32.383,32.476,-999,9,-999,-999,2435.4,2,2730.5,2,-999,-999,9,-999,-999,-999,-999,9,-81.4812,25.7825,2.70936322212219,2148,"no","yes","no","EC","Everglades City",NA
"33WA20111211","WS1118","Flow-through","500000","50",0,0,2011,12,14,"8:56:00",348.3722,25.4532,-81.3503,-999,1.5,"-999",21.73,22.72,22.71,34.497,34.511,-999,9,-999,-999,2173.1,2,2472.3,2,-999,-999,9,-999,-999,-999,-999,9,-81.3503,25.4532,5.20666646957397,2742,"no","yes","no","BR","Broad River",NA
"33WA20111211","WS1118","Niskin","500103","50",1,3,2011,12,14,"8:56:00",348.3722,25.4532,-81.3503,-999,1.2,"-999",21.73,22.72,22.71,34.498,34.511,-999,9,-999,-999,2180.9,2,2461.5,2,-999,-999,9,-999,-999,-999,-999,9,-81.3503,25.4532,5.20666646957397,2742,"no","yes","no","BR","Broad River",NA
"33WA20111211","WS1118","Niskin","540101","54",1,1,2011,12,14,"12:45:00",348.5313,25.3407,-81.1564,-999,1.3,"-999",22.01,22.97,22.67,29.189,29.103,-999,9,-999,-999,2878.9,6,3091.1,6,-999,-999,9,-999,-999,-999,-999,9,-81.1564,25.3407,2.24022269248962,945,"no","yes","no","SR","Shark River",NA
"33WA20111211","WS1118","Flow-through","570000","57",0,0,2011,12,14,"14:30:00",348.6042,25.3478,-81.2718,-999,1.5,"-999",21.58,22.57,22.58,33.446,33.439,-999,9,-999,-999,2269.6,2,2528.1,2,-999,-999,9,-999,-999,-999,-999,9,-81.2718,25.3478,3.75466084480286,2255,"no","yes","no","SR","Shark River",NA
"33WA20111211","WS1118","Niskin","600101","60",1,1,2011,12,14,"22:40:00",348.9444,25.165,-81.3389,-999,1.1,"-999",22,23,22.71,34.12,34.144,-999,9,-999,-999,2277.7,2,2536.8,2,-999,-999,9,-999,-999,-999,-999,9,-81.3389,25.165,6.1338005065918,3254,"no","yes","no","MC","Middle Cape",NA
"33WA20111211","WS1118","Flow-through","640000","64",0,0,2011,12,15,"0:23:00",349.016,25.1669,-81.1574,-999,1.5,"-999",22.24,23.23,23.23,30.513,30.501,-999,9,-999,-999,2877.7,2,3113.7,2,-999,-999,9,-999,-999,-999,-999,9,-81.1574,25.1669,2.99322700500488,452,"no","yes","no","MC","Middle Cape",NA
"33WA20111211","WS1118","Flow-through","640000","64",0,0,2011,12,15,"0:24:00",349.0167,25.1669,-81.1574,-999,1.5,"-999",22.24,23.23,23.23,30.502,30.501,-999,9,-999,-999,2869.2,2,3168.9,2,-999,-999,9,-999,-999,-999,-999,9,-81.1574,25.1669,2.99322700500488,452,"no","yes","no","MC","Middle Cape",NA
"33WA20111211","WS1118","Niskin","690103","69",1,3,2011,12,15,"3:44:00",349.1556,24.9299,-81.0964,-999,1.5,"-999",22.38,23.37,23.37,33.96,33.997,-999,9,-999,-999,2268,2,2550.7,2,-999,-999,9,-999,-999,-999,-999,9,-81.0964,24.9299,3.79370331764221,994,"yes","yes","yes","EC","East Cape",NA
"33WA20111211","WS1118","Flow-through","710000","71",0,0,2011,12,15,"4:38:00",349.1931,24.9303,-80.9945,-999,1.5,"-999",22.27,23.25,23.26,33.818,33.889,-999,9,-999,-999,2272,2,2609.3,2,-999,-999,9,-999,-999,-999,-999,9,-80.9945,24.9303,3.45139908790588,483,"yes","yes","yes",NA,NA,NA
"33WA20111211","WS1118","Flow-through","530000","53",0,0,2011,12,15,"16:00:00",349.6667,24.9525,-80.4723,-999,1.5,"-999",24.23,25.22,25.24,35.973,35.972,-999,9,-999,-999,2028.4,2,2351.8,2,-999,-999,9,-999,-999,-999,-999,9,-80.4723,24.9525,5.84249496459961,215,"yes","no","no","BR","Broad River",NA
"33WA20141201","WS1418","Niskin","540101","54",1,1,2014,12,3,"14:46:00",337.6153,25.3451,-81.1521,-999,1.5,"1.5",20.77,21.02,20.6,31.082,31.159,-999,9,-999,222.6,2596.7,2,2853.1,2,7.9169,7.8432,2,31.8,0.4,-999,0,2,-81.1521,25.3451,2.5547730922699,795,"no","yes","no","SR","Shark River",NA
"33WA20141201","WS1418","Niskin","550101","55",1,1,2014,12,3,"15:47:00",337.6576,25.35,-81.1936,-999,1.5,"1.5",20.65,20.97,20.63,33.619,33.597,-999,9,-999,-999,2320,2,2602,2,7.8939,7.8205,2,26.6,0.2,-999,0,2,-81.1936,25.35,2.37362217903137,1572,"no","yes","no","SR","Shark River",NA
"33WA20141201","WS1418","Niskin","560101","56",1,1,2014,12,3,"16:22:00",337.6819,25.3498,-81.2289,-999,1.5,"1.5",20.99,21.31,20.75,34.253,34.279,-999,9,-999,-999,2252.1,2,2542.1,2,7.847,7.7743,2,24.8,0.09,-999,0,2,-81.2289,25.3498,3.02198529243469,2337,"no","yes","no","SR","Shark River",NA
"33WA20141201","WS1418","Niskin","570102","57",1,2,2014,12,3,"17:00:00",337.7083,25.3522,-81.2656,-999,1.5,"1.5",21.03,21.34,20.71,35.141,35.111,-999,9,-999,239.9,2166.6,2,2428.9,2,7.7336,7.6631,2,19.3,0.1,-999,0,2,-81.2656,25.3522,3.75466084480286,2255,"no","yes","no","SR","Shark River",NA
"33WA20141201","WS1418","Niskin","5710103","57.1",1,3,2014,12,3,"17:49:00",337.7424,25.3517,-81.336,-999,1.5,"1.5",20.93,21.24,20.88,35.093,35.068,-999,9,-999,-999,2139.9,2,2389.2,2,8.2698,8.1928,2,6.8,0.1,-999,0,2,-81.336,25.3517,5.5090446472168,2278,"no","yes","no","SR","Shark River",NA
"33WA20141201","WS1418","Niskin","5720103","57.2",1,3,2014,12,3,"19:06:00",337.7958,25.3529,-81.4904,-999,1.5,"1.5",21.17,21.47,20.94,35.306,35.299,-999,9,-999,-999,2090.5,2,2335.2,2,8.4259,8.3478,2,7,0.2,-999,0,2,-81.4904,25.3529,8.3666181564331,2945,"no","yes","no","SR","Shark River",NA
"33WA20141201","WS1418","Niskin","5730102","57.3",1,2,2014,12,3,"20:21:00",337.8479,25.3519,-81.6531,-999,1.5,"1.5",21.31,21.62,21.22,35.918,35.905,-999,9,-999,-999,2083.8,2,2353.3,2,8.556,8.4767,2,1,0.3,-999,0,2,-81.6531,25.3519,11.2790632247925,4575,"no","yes","no","SR","Shark River",NA
"33WA20141201","WS1418","Niskin","570201","57",2,1,2014,12,4,"14:26:00",338.6014,25.3506,-81.2634,-999,1.5,"1.5",20.85,21.17,20.84,34.754,34.693,-999,9,-999,234.6,2222.5,2,2461.1,2,8.0664,7.991,2,16.4,0.3,-999,0,2,-81.2634,25.3506,3.75466084480286,2255,"no","yes","no","SR","Shark River",NA
"33WA20141201","WS1418","Niskin","560201","56",2,1,2014,12,4,"15:05:00",338.6285,25.349,-81.2248,-999,1.5,"1.5",20.88,21.19,20.85,33.952,33.945,-999,9,-999,-999,2296.2,2,2572.1,2,7.8508,7.7781,2,18.1,0.3,-999,0,2,-81.2248,25.349,2.87843060493469,1993,"no","yes","no","SR","Shark River",NA
"33WA20141201","WS1418","Niskin","550201","55",2,1,2014,12,4,"15:25:00",338.6424,25.3488,-81.1974,-999,1.5,"1.5",20.86,21.16,20.81,33.165,33.073,-999,9,-999,-999,2385,2,2656.7,2,7.8537,7.781,2,18.9,0.5,-999,0,2,-81.1974,25.3488,2.37362217903137,1572,"no","yes","no","SR","Shark River",NA
"33WA20141201","WS1418","Niskin","540201","54",2,1,2014,12,4,"16:07:00",338.6715,25.3425,-81.1535,-999,1.5,"1.5",21.3,21.62,21.25,31.017,31.083,-999,9,-999,224.7,2620.8,2,2834.4,2,7.8991,7.8256,2,21.1,0.4,-999,0,2,-81.1535,25.3425,2.46039080619812,811,"no","yes","no","SR","Shark River",NA
"33WA20150921","WS15264","Niskin","540101","54",1,1,2015,9,23,"16:20:00",266.6806,25.3451,-81.1518,-999,1.5,"1.5",29.56,29.78,29.58,34.175,34.6,-999,9,-999,-999,2475.1,2,2716.4,2,7.9516,7.8773,2,15.4,0.2,-999,0,2,-81.1518,25.3451,2.5547730922699,795,"no","yes","no","SR","Shark River",NA
"33WA20150921","WS15264","Niskin","550101","55",1,1,2015,9,23,"17:10:00",266.7153,25.3499,-81.1995,-999,1.5,"1.5",29.48,29.74,29.441,36.318,36.617,-999,9,-999,-999,2033.9,2,2341.4,2,8.1137,8.038,2,7.7,0.05,-999,0,2,-81.1995,25.3499,2.37362217903137,1572,"no","yes","no","SR","Shark River",NA
"33WA20150921","WS15264","Niskin","560101","56",1,1,2015,9,23,"17:45:00",266.7396,25.3499,-81.2291,-999,1.5,"1.5",29.37,29.62,29.37,37.209,37.22,-999,9,-999,-999,1954.1,2,2254.9,2,8.134,8.0582,2,17.8,0.04,-999,0.01,2,-81.2291,25.3499,3.02198529243469,2337,"no","yes","no","SR","Shark River",NA
"33WA20150921","WS15264","Niskin","570101","57",1,1,2015,9,23,"18:25:00",266.7674,25.3517,-81.2665,-999,1.5,"1.5",29.47,29.72,29.466,37.52,37.517,-999,9,-999,-999,1954.1,2,2248,2,8.1252,8.0495,2,19.8,0.05,-999,0.01,2,-81.2665,25.3517,3.75466084480286,2255,"no","yes","no","SR","Shark River",NA
"33WA20150921","WS15264","Niskin","5710101","57.1",1,1,2015,9,23,"19:15:00",266.8021,25.3519,-81.3364,-999,1.5,"1.5",29.57,29.81,29.573,37.409,37.419,-999,9,-999,-999,1914.3,2,2192.9,2,8.0968,8.0214,2,17.9,0.08,-999,0,2,-81.3364,25.3519,5.5090446472168,2278,"no","yes","no","SR","Shark River",NA
"33WA20150921","WS15264","Niskin","5720101","57.2",1,1,2015,9,23,"20:37:00",266.859,25.3529,-81.4952,-999,1.5,"1.5",29.71,29.97,29.707,35.996,36.007,-999,9,-999,-999,1903.5,2,2148.4,2,8.0662,7.9911,2,8.2,0.3,-999,0.02,2,-81.4952,25.3529,8.3666181564331,2945,"no","yes","no","SR","Shark River",NA
"33WA20150921","WS15264","Niskin","5730101","57.3",1,1,2015,9,23,"21:54:00",266.9125,25.3512,-81.6543,-999,1.5,"1.5",30.15,30.41,30.135,36.149,36.164,-999,9,-999,-999,1973.3,2,2262.6,2,8.1249,8.0492,2,5.4,0.1,-999,0.08,2,-81.6543,25.3512,11.2790632247925,4575,"no","yes","no","SR","Shark River",NA
"33WA20150921","WS15264","Niskin","5490101","54b",1,1,2015,9,24,"11:10:00",267.4653,25.3379,-81.1563,-999,1.5,"1.5",29.29,29.52,29.41,34.462,35.297,-999,9,-999,-999,2477.3,2,2665.6,2,7.8802,7.8069,2,13.2,0.8,-999,0.01,2,-81.1563,25.3379,2.55857872962952,790,"no","yes","no",NA,NA,NA
"33WA20150921","WS15264","Flow-through","SR10000","SR1",0,0,2015,9,24,"11:33:00",267.4813,25.322,-81.1688,-999,1.5,"1.5",29.11,29.35,-999,35.497,-999,-999,9,-999,-999,2324.9,2,2512.8,2,7.8565,7.7836,2,-999,-999,-999,-999,2,-81.1688,25.322,2.5925829410553,618,"no","yes","no",NA,NA,NA
"33WA20150921","WS15264","Niskin","5590101","55b",1,1,2015,9,24,"12:00:00",267.5,25.3515,-81.1962,-999,1.5,"1.5",29.03,29.25,29.039,35.816,36.057,-999,9,-999,-999,2192.7,2,2468.9,2,8.042,7.9668,2,6.2,0.2,-999,0,2,-81.1962,25.3515,2.37362217903137,1572,"no","yes","no",NA,NA,NA
"33WA20150921","WS15264","Niskin","5690101","56b",1,1,2015,9,24,"12:30:00",267.5208,25.35,-81.2285,-999,1.5,"1.5",29.2,29.43,29.191,37.3,37.316,-999,9,-999,-999,1964.4,2,2250.9,2,8.0969,8.0215,2,23.2,0.03,-999,0.02,2,-81.2285,25.35,3.02198529243469,2337,"no","yes","no",NA,NA,NA
"33WA20150921","WS15264","Niskin","5790101","57b",1,1,2015,9,24,"13:00:00",267.5417,25.3516,-81.2659,-999,1.5,"1.5",29.21,29.45,29.215,37.594,37.611,-999,9,-999,-999,1954.5,2,2240.1,2,8.082,8.0067,2,13,0.05,-999,0.03,2,-81.2659,25.3516,3.75466084480286,2255,"no","yes","no",NA,NA,NA
"33WA20150921","WS15264","Niskin","57190101","57.1b",1,1,2015,9,24,"13:45:00",267.5729,25.3515,-81.3363,-999,1.5,"1.5",29.45,29.68,29.459,37.014,36.999,-999,9,-999,-999,1893.3,2,2122.2,2,8.028,7.9532,2,10.2,0.2,-999,0.04,2,-81.3363,25.3515,5.5090446472168,2278,"no","yes","no",NA,NA,NA
"33WA20150921","WS15264","Niskin","57290101","57.2b",1,1,2015,9,24,"15:05:00",267.6285,25.3519,-81.4875,-999,1.5,"1.5",29.59,29.83,29.6,35.984,36.002,-999,9,-999,-999,1927.7,2,2174.3,2,8.0464,7.9714,2,13.1,0.04,-999,0.03,2,-81.4875,25.3519,8.3666181564331,2945,"no","yes","no",NA,NA,NA
"33WA20150921","WS15264","Niskin","57390101","57.3b",1,1,2015,9,24,"16:24:00",267.6833,25.3516,-81.6556,-999,1.5,"1.5",29.89,30.12,29.898,36.183,36.203,-999,9,-999,-999,1985.6,2,-999,5,8.1145,8.0388,2,2.9,0.08,-999,0.06,2,-81.6556,25.3516,11.2790632247925,4575,"no","yes","no",NA,NA,NA
"33GG20080512","GU0802 Leg2","Niskin","1450101","145",1,1,2008,5,14,"17:18:00",135.7208,24.4979,-83.5023,-999,2,"2",-999,-999,26.35,-999,36.42,-999,9,-999,-999,-999,9,2378.9,2,-999,-999,9,-999,-999,-999,-999,9,-83.5023,24.4979,325.141510009766,2855,"yes","no","no",NA,NA,NA
"33NF20100701","NF10-13","Niskin","20106","2",1,6,2010,7,1,"21:39",182.9021,24.3228,-82.001,-999,3,"-999",-999,-999,29.59,-999,36.316,-999,9,-999,-999,2054.3,2,2395.8,2,-999,-999,9,2.7,0,-999,0,3,-82.001,24.3228,225.00373840332,2606,"yes","no","no","SV","Stiltsville",NA
"33NF20100701","NF10-13","Niskin","40116","4",1,16,2010,7,2,"3:37",183.1507,24.124,-82.0003,-999,3,"-999",-999,-999,29.42,-999,35.975,-999,9,-999,-999,2051.4,2,2386.4,2,-999,-999,9,-999,-999,-999,-999,9,-82.0003,24.124,770.275329589844,7791,"yes","no","no","JP","John Pennekamp",NA
"33NF20100701","NF10-13","Niskin","60101","6",1,1,2010,7,2,"11:33",183.4813,23.9228,-81.9917,-999,1457,"-999",-999,-999,4.17,-999,34.965,-999,9,-999,-999,2026.8,4,2376.4,4,-999,-999,9,-999,-999,-999,-999,9,-81.9917,23.9228,1462.2255859375,8923,"yes","no","no","JP","John Pennekamp",NA
"33NF20100701","NF10-13","Niskin","120113","12",1,13,2010,7,4,"7:57",185.3313,23.2192,-83.252,-999,2,"-999",-999,-999,29.13,-999,36.322,-999,9,-999,-999,2027.1,2,2371.9,2,-999,-999,9,-999,-999,-999,-999,9,-83.252,23.2192,2101.3916015625,11750,"yes","no","no","MM64","Conch Key",NA
"33NF20100701","NF10-13","Niskin","140111","14",1,11,2010,7,4,"18:56",185.7889,23.6483,-83.5297,-999,102,"-999",-999,-999,26.28,-999,36.285,-999,9,-999,-999,2050.6,6,2376.1,6,-999,-999,9,3.8,0.2,-999,0.1,3,-83.5297,23.6483,1929.99157714844,4659,"no","no","no","MA","Marathon",NA
"33NF20100701","NF10-13","Niskin","160110","16",1,10,2010,7,5,"4:17",186.1785,24.0782,-83.8105,-999,89,"-999",-999,-999,26.4,-999,36.441,-999,9,-999,-999,2051.2,2,2379.8,2,-999,-999,9,3.6,0.1,-999,0,3,-83.8105,24.0782,1480.76354980469,6647,"yes","no","no","SMB","Seven Mile Bridge",NA
"33NF20100701","NF10-13","Niskin","180114","18",1,14,2010,7,5,"12:32",186.5222,24.516,-84.0865,-999,3,"-999",-999,-999,29.05,-999,36.177,-999,9,-999,-999,2018.8,2,2381.9,2,-999,-999,9,2.4,0.2,-999,0,3,-84.0865,24.516,1880.68688964844,3182,"yes","no","no","SMB","Seven Mile Bridge",NA
"33NF20100701","NF10-13","Niskin","300104","30",1,4,2010,7,6,"13:52",187.5778,24.8337,-83.9937,-999,2,"-999",-999,-999,28.98,-999,36.194,-999,9,-999,-999,2021.6,2,2360.6,2,-999,-999,9,-999,-999,-999,-999,9,-83.9937,24.8337,195.506362915039,2719,"yes","yes","yes","MI","Marco Island",NA
"33NF20100701","NF10-13","Niskin","310106","31",1,6,2010,7,6,"14:55",187.6215,24.8137,-84.0777,-999,2,"-999",-999,-999,28.95,-999,36.215,-999,9,-999,-999,2022.2,2,2362,2,-999,-999,9,-999,-999,-999,-999,9,-84.0777,24.8137,341.990356445312,2505,"yes","yes","yes","MI","Marco Island",NA
"33NF20100701","NF10-13","Niskin","320110","32",1,10,2010,7,6,"17:43",187.7382,24.78,-84.2358,-999,3,"-999",-999,-999,28.71,-999,36.164,-999,9,-999,-999,2018.1,6,2360.9,6,-999,-999,9,1.9,0.9,-999,0,3,-84.2358,24.78,1405.89245605469,2893,"yes","yes","yes","MI","Marco Island",NA
"33NF20100701","NF10-13","Niskin","330112","33",1,12,2010,7,6,"21:59",187.916,24.7075,-84.4993,-999,3,"-999",-999,-999,28.76,-999,36.465,-999,9,-999,-999,2043.7,2,2386.4,2,-999,-999,9,2.1,0.7,-999,0.1,3,-84.4993,24.7075,3398.15795898438,3325,"yes","yes","yes","MI","Marco Island",NA
"33H620180308","SAV1803","Niskin","560101","56",1,1,2018,3,10,"20:45:00",69.8646,25.3494,-81.2289,4.1,1,"1",-999,-999,20.8,-999,35.013,-999,9,7.18,224.4,2154.4,2,2424.8,2,8.0132,7.9383,2,12.17,0.28,1.06,0.146,2,-81.2289,25.3494,3.02198529243469,2337,"no","yes","no","SR","Shark River",NA
"33H620180308","SAV1803","Niskin","550101","55",1,1,2018,3,10,"21:36:00",69.9,25.3522,-81.1995,3.3,1,"1",-999,-999,20.54,-999,34.079,-999,9,7.1,221.9,2253.9,2,2512.8,2,8.0212,7.9462,2,15.74,0.039,1.64,0.146,2,-81.1995,25.3522,2.37362217903137,1572,"no","yes","no","SR","Shark River",NA
"33H620180308","SAV1803","Niskin","540101","54",1,1,2018,3,10,"22:50:00",69.9514,25.3428,-81.15,3.5,1,"1",-999,-999,20.28,-999,32.113,-999,9,7.09,221.6,2623.6,2,2847.8,2,7.9148,7.8411,2,28.47,0.044,1.89,0.14,2,-81.15,25.3428,2.5547730922699,795,"no","yes","no","SR","Shark River",NA
"33H620180308","SAV1803","Niskin","570101","57",1,1,2018,3,11,"0:15:00",70.0104,25.3532,-81.2656,5.2,1,"1",-999,-999,21.19,-999,35.79,-999,9,6.93,216.6,2075.9,2,2327.5,2,8.0113,7.9366,2,16.63,0.034,2.37,0.122,2,-81.2656,25.3532,3.75466084480286,2255,"no","yes","no","SR","Shark River",NA
"33H620180308","SAV1803","Niskin","5710101","57.1",1,1,2018,3,11,"1:03:00",70.0438,25.3525,-81.3312,6.6,1,"1",-999,-999,21.62,-999,35.85,-999,9,6.89,215.3,2047.4,2,2284.5,2,7.9865,7.912,2,2.45,0.049,1.47,0.148,2,-81.3312,25.3525,5.5090446472168,2278,"no","yes","no","SR","Shark River",NA
"33H620180308","SAV1803","Niskin","5720102","57.2",1,2,2018,3,11,"2:25:00",70.1007,25.3518,-81.4911,9.4,1,"1",-999,-999,22.15,-999,35.91,-999,9,6.7,209.4,2096.2,2,2352.2,2,8.0135,7.9387,2,0.05,0.051,3.37,2.63,2,-81.4911,25.3518,8.3666181564331,2945,"no","yes","no","SR","Shark River",NA
"33H620180308","SAV1803","Niskin","5730102","57.3",1,2,2018,3,11,"3:40:00",70.1528,25.3532,-81.6503,11.8,1,"1",-999,-999,22.35,-999,36.01,-999,9,6.72,210,2124.7,2,2388.5,2,8.0312,7.9562,2,1.1,0,2,0.125,2,-81.6503,25.3532,11.2790632247925,4575,"no","yes","no","SR","Shark River",NA
"33WA20170327","WS17086","Niskin","5720101","57.2",1,1,2017,3,29,"15:28:00",88.6444,25.3516,-81.4903,-999,1.5,"-999",23.66,23.89,23.55,35.199,35.199,-999,9,7.12,222.5,2154.4,2,2448,2,8.0688,7.9934,2,1,0,0.02,0.08,2,-81.4903,25.3516,8.3666181564331,2945,"no","yes","no","SR","Shark River",NA
"33WA20170327","WS17086","Niskin","5710101","57.1",1,1,2017,3,29,"16:00:00",88.6667,25.3514,-81.4193,-999,1.5,"-999",23.67,23.98,23.89,35.157,35.075,-999,9,7.05,220.3,2168.6,2,2465.1,2,8.0825,8.0069,2,6.1,0.01,0,0.02,2,-81.4193,25.3514,7.20255088806152,2890,"no","yes","no","SR","Shark River",NA
"33WA20170327","WS17086","Niskin","570101","57",1,1,2017,3,29,"17:05:00",88.7118,25.3516,-81.2648,-999,1.5,"-999",24.09,24.4,24.16,34.894,35.213,-999,9,7.11,222.2,2186.2,2,2461.9,2,8.0502,7.975,2,9.7,0,0,0.02,2,-81.2648,25.3516,3.75466084480286,2255,"no","yes","no","SR","Shark River",NA
"33WA20170327","WS17086","Niskin","560101","56",1,1,2017,3,29,"17:29:00",88.7285,25.35,-81.2257,-999,1.5,"-999",24.3,24.6,24.27,34.975,35.279,-999,9,7,218.8,2200.3,2,2464.3,2,8.0261,7.9511,2,10.7,0,0.1,0.02,2,-81.2257,25.35,3.02198529243469,2337,"no","yes","no","SR","Shark River",NA
"33WA20170327","WS17086","Niskin","550101","55",1,1,2017,3,29,"17:50:00",88.7431,25.35,-81.1935,-999,1.5,"-999",24.32,24.61,24.34,35.058,35.39,-999,9,6.87,214.7,2212.4,2,2465.5,2,8.002,7.9272,2,17.4,0.02,0.04,0.04,2,-81.1935,25.35,2.37362217903137,1572,"no","yes","no","SR","Shark River",NA
"33WA20170327","WS17086","Niskin","540101","54",1,1,2017,3,29,"18:25:00",88.7674,25.3455,-81.1526,-999,1.5,"-999",24.69,25.01,24.68,35.744,36.04,-999,9,6.9,215.6,2290.1,2,2564.2,2,8.0026,7.9277,2,45.2,0.01,0,0.02,2,-81.1526,25.3455,2.07799696922302,1055,"no","yes","no","SR","Shark River",NA
"33WA20170327","WS17086","Niskin","57190101","57.1b",1,1,2017,3,30,"15:24:00",89.6417,25.3516,-81.4903,-999,1.5,"-999",23.86,24.15,23.48,35.181,35.51,-999,9,7.08,221.3,2159.7,2,2451.7,2,8.0702,7.9948,2,2.6,0,0.2,0.08,2,-81.4903,25.3516,8.3666181564331,2945,"no","yes","no",NA,NA,NA
"33WA20170327","WS17086","Niskin","5790101","57b",1,1,2017,3,30,"17:10:00",89.7153,25.3486,-81.2692,-999,1.5,"-999",24.5,24.79,24.51,34.924,35.241,-999,9,7.1,221.9,2171.2,2,2460.9,2,8.0603,7.9849,2,4.7,0,0.18,0.01,2,-81.2692,25.3486,3.75466084480286,2255,"no","yes","no",NA,NA,NA
"33WA20170327","WS17086","Niskin","5490101","54b",1,1,2017,3,30,"18:43:00",89.7799,25.3444,-81.151,-999,1.5,"-999",24.85,25.13,24.84,35.722,36.067,-999,9,6.83,213.4,2436.8,2,2715.7,2,7.9955,7.9206,2,27.8,0,0.2,0,2,-81.151,25.3444,2.5547730922699,795,"no","yes","no",NA,NA,NA
"33WA20170515","WS17135","Niskin","220101","22",1,1,2017,6,10,"15:05:00",161.6285,23.2967,-80.8933,259,254,"254",27.83,28.29,19.25,35.967,36.633,-999,9,-999,-999,2152.3,2,2388.8,2,7.9937,7.919,2,-999,-999,-999,-999,9,-80.8933,23.2967,400.614898681641,7315,"no","no","no","KWS","Key West South",NA
"33WA20170515","WS17135","Niskin","220103","22",1,3,2017,6,10,"15:05:00",161.6285,23.2967,-80.8933,259,124,"124",-999,-999,25.39,-999,36.704,-999,9,-999,-999,2095.1,2,2392.9,2,8.0976,8.022,2,-999,-999,-999,-999,9,-80.8933,23.2967,400.614898681641,7315,"no","no","no","KWS","Key West South",NA
"33WA20170515","WS17135","Niskin","220105","22",1,5,2017,6,10,"15:05:00",161.6285,23.2967,-80.8933,259,5,"5",27.83,28.29,27.77,35.968,36.06,-999,9,-999,-999,2026.2,2,2352.3,2,8.16,8.0839,2,-999,-999,-999,-999,9,-80.8933,23.2967,400.614898681641,7315,"no","no","no","KWS","Key West South",NA
"33WA20171009","WS17282","Niskin","5730101","57.3",1,1,2017,10,11,"20:08:00",284.8389,25.3518,-81.6516,10.6,1.5,"-999",28.96,29.26,29.28,34.775,34.767,-999,9,6.01,187.8,1942,2,2277.2,2,8.1841,8.1078,2,5.63,1.82,0.07,0.237,2,-81.6516,25.3518,11.2790632247925,4575,"no","yes","no","SR","Shark River",NA
"33WA20171009","WS17282","Niskin","5720101","57.2",1,1,2017,10,11,"21:34:00",284.8986,25.3494,-81.4908,8.3,1.5,"-999",29.02,29.32,29.32,34.306,34.314,-999,9,6.39,199.7,1886.3,2,2202.9,2,8.1644,8.0884,2,1.95,0.48,0.19,0.161,2,-81.4908,25.3494,8.3666181564331,2945,"no","yes","no","SR","Shark River",NA
"33WA20171009","WS17282","Niskin","5710101","57.1",1,1,2017,10,11,"23:02:00",284.9597,25.351,-81.3361,5.6,1.5,"-999",28.93,29.24,29.29,32.357,32.339,-999,9,6.51,203.4,1921.9,2,2249,2,8.1871,8.1108,2,7.02,0,0.93,0.127,2,-81.3361,25.351,5.5090446472168,2278,"no","yes","no","SR","Shark River",NA
"33WA20171009","WS17282","Niskin","570101","57",1,1,2017,10,11,"23:52:00",284.9944,25.351,-81.2653,4.1,1.5,"-999",28.94,29.23,29.23,28.66,28.578,-999,9,7.07,220.9,2192.6,2,2517.7,2,8.2023,8.1256,2,12.25,0,0.78,0.118,2,-81.2653,25.351,3.75466084480286,2255,"no","yes","no","SR","Shark River",NA
"33WA20171009","WS17282","Niskin","560101","56",1,1,2017,10,12,"0:28:00",285.0194,25.3487,-81.2293,3.3,1.5,"-999",28.82,29.12,29.11,27.905,27.775,-999,9,7.21,225.3,2304.9,2,2591.5,2,8.1132,8.0374,2,19.84,0,0.84,0.133,2,-81.2293,25.3487,3.02198529243469,2337,"no","yes","no","SR","Shark River",NA
"33WA20171009","WS17282","Niskin","550101","55",1,1,2017,10,12,"1:04:00",285.0444,25.3505,-81.1939,3,1.5,"-999",28.82,29.19,29.19,27.203,27.212,-999,9,5.67,177.2,2361.5,2,2637.5,2,8.114,8.0381,2,21.44,0,0.83,0.139,2,-81.1939,25.3505,2.37362217903137,1572,"no","yes","no","SR","Shark River",NA
"33WA20171009","WS17282","Niskin","540101","54",1,1,2017,10,12,"2:08:00",285.0889,25.344,-81.1534,3,1.5,"-999",29.35,29.36,29.64,18.647,18.762,-999,9,6.53,204.1,2604.2,4,2222.6,3,7.9964,7.9227,3,16.94,0,0.6,0.139,2,-81.1534,25.344,2.24022269248962,945,"no","yes","no","SR","Shark River",NA
"33WA20171009","WS17282","Niskin","530101","53",1,1,2017,10,12,"4:11:00",285.1743,25.4507,-81.2278,2,1.5,"-999",28.81,29.08,29.08,27.234,27.208,-999,9,4.52,141.1,2145.7,2,2403.7,2,8.0995,8.0239,2,11.35,0.017,0.72,0.161,2,-81.2278,25.4507,2.5165331363678,2128,"no","yes","no","BR","Broad River",NA
"33WA20171009","WS17282","Niskin","510101","51",1,1,2017,10,12,"4:53:00",285.2035,25.4538,-81.3086,4,1.5,"-999",28.45,28.74,28.74,27.877,27.916,-999,9,5.56,173.9,2103.7,2,2392.4,2,8.1596,8.0834,2,8.78,0.009,0.45,0.128,2,-81.3086,25.4538,4.70241737365723,2833,"no","yes","no","BR","Broad River",NA
"33WA20171009","WS17282","Niskin","500101","50",1,1,2017,10,12,"5:19:00",285.2215,25.4534,-81.3499,4.8,1.5,"-999",28.44,28.77,28.75,29.227,29.229,-999,9,6.27,195.9,2054.3,2,2358.5,2,8.1703,8.094,2,10.07,0.075,1.18,0.136,2,-81.3499,25.4534,5.20666646957397,2742,"no","yes","no","BR","Broad River",NA
"33WA20171009","WS17282","Niskin","490101","49",1,1,2017,10,12,"6:41:00",285.2785,25.5798,-81.2923,2.3,1.5,"-999",28.61,28.9,28.87,28.444,28.43,-999,9,6.27,195.9,2156.8,2,2418.3,2,8.1069,8.0312,2,6.11,0.045,0.82,0.095,2,-81.2923,25.5798,2.56392002105713,2462,"no","yes","no","LO","Lostmans Key",NA
"33WA20171009","WS17282","Niskin","470101","47",1,1,2017,10,12,"7:20:00",285.3056,25.5829,-81.3659,4.3,1.5,"-999",28.45,28.75,28.75,28.434,28.743,-999,9,6.18,193,2112.7,2,2412.4,2,8.1756,8.0993,2,5.16,0,0.68,0.078,2,-81.3659,25.5829,4.60872030258179,2900,"no","yes","no","LO","Lostmans Key",NA
"33WA20171009","WS17282","Niskin","450101","45",1,1,2017,10,12,"8:20:00",285.3472,25.5826,-81.4707,6.2,1.5,"-999",28.48,28.77,28.47,31.669,31.66,-999,9,6.01,187.8,2008,2,2316.4,2,8.1825,8.1062,2,30.45,0.014,0.61,0.244,2,-81.4707,25.5826,6.32752084732056,3300,"no","yes","no","LO","Lostmans Key",NA
"33WA20171009","WS17282","Niskin","390101","39",1,1,2017,10,12,"10:05:00",285.4201,25.7826,-81.4821,2.6,1.5,"-999",27.88,28.17,27.87,22.485,22.62,-999,9,5.62,175.6,2430.3,2,2641.7,2,8.0339,7.9592,2,26.34,0,0.23,0.114,2,-81.4821,25.7826,2.70936322212219,2148,"no","yes","no","EC","Everglades City",NA
"33WA20171009","WS17282","Flow-through","400000","40",0,0,2017,10,12,"10:35:00",285.441,25.7575,-81.525,4,1.5,"-999",28.19,28.41,28.44,25.585,25.751,-999,9,6.29,196.7,2292.5,2,2541.2,2,8.1191,8.0432,2,4.57,0.008,0.29,0.078,2,-81.525,25.7575,4.02602243423462,2721,"no","yes","no","EC","Everglades City",NA
"33WA20171009","WS17282","Niskin","410101","41",1,1,2017,10,12,"10:59:00",285.4576,25.733,-81.5745,4.8,1.5,"-999",28.28,28.49,28.57,28.606,28.788,-999,9,5.96,186.3,2184.8,2,2428.2,2,8.0903,8.0148,2,1.09,0.064,0.57,0.11,2,-81.5745,25.733,4.72437143325806,2512,"no","yes","no","EC","Everglades City",NA
"33WA20171009","WS17282","Niskin","420101","42",1,1,2017,10,12,"12:24:00",285.5167,25.6544,-81.7181,8.6,1.5,"-999",28.38,28.67,28.67,32.501,32.501,-999,9,-999,-999,2109.2,2,2359.6,2,8.0813,8.0058,2,0.87,0.019,0.4,0.111,2,-81.7181,25.6544,8.71732997894287,3637,"no","yes","no","EC","Everglades City",NA
"33WA20171009","WS17282","Niskin","330101","33",1,1,2017,10,12,"15:33:00",285.6479,25.912,-81.7993,7.6,1.5,"-999",28.5,28.79,28.79,33.178,33.175,-999,9,5.53,172.8,2107.5,2,2323.4,2,8.0166,7.9418,2,4.9,0.15,0.5,0.177,2,-81.7993,25.912,8.71163558959961,2503,"no","yes","no","MI","Marco Island",NA
"33WA20171009","WS17282","Niskin","3050101","30.5",1,1,2017,10,12,"19:03:00",285.7938,25.6545,-82.0738,17.5,1.5,"-999",28.66,28.98,28.98,34.986,35.019,-999,9,6.3,196.8,2033.9,2,2336.1,2,8.1443,8.0683,2,0.4,0,0.09,0.104,2,-82.0738,25.6545,19.4749774932861,6798,"no","yes","no","MI","Marco Island",NA
"33WA20171009","WS17282","Niskin","300101","30",1,1,2017,10,12,"21:02:00",285.8764,25.4012,-82.2107,24,1.5,"-999",28.79,29.11,29.11,35.782,35.785,-999,9,6.15,192,2030.3,2,2344.7,2,8.1494,8.0734,2,1,0,0.34,0.115,2,-82.2107,25.4012,25.1684474945068,7019,"no","yes","no","MI","Marco Island",NA
"33WA20180108","WS18008","Niskin","5730101","57.3",1,1,2018,1,10,"14:54:00",10.6208,25.3494,-81.6527,11,1.5,"-999",18.93,19.25,18.92,35.337,35.35,-999,9,7.14,223.1,2107.2,2,2384.1,2,8.0564,7.9812,2,1.06,0.25,0.72,0.099,2,-81.6527,25.3494,11.2790632247925,4575,"no","yes","no","SR","Shark River",NA
"33WA20180108","WS18008","Niskin","5720101","57.2",1,1,2018,1,10,"16:48:00",10.7,25.3506,-81.4891,8.3,1.5,"-999",18.35,18.67,18.38,35.085,35.11,-999,9,7.41,231.6,2127.2,2,2382.5,2,8.0271,7.9522,2,0.79,0.036,0.76,0.065,2,-81.4891,25.3506,8.3666181564331,2945,"no","yes","no","SR","Shark River",NA
"33WA20180108","WS18008","Niskin","5710101","57.1",1,1,2018,1,10,"18:27:00",10.7688,25.3505,-81.3351,5,1.5,"-999",18.68,19.04,17.68,31.948,34.62,-999,9,7.65,239.1,2154.9,2,2389.6,3,7.9921,7.9175,2,6.03,0.068,0.83,0.057,2,-81.3351,25.3505,5.5090446472168,2278,"no","yes","no","SR","Shark River",NA
"33WA20180108","WS18008","Niskin","570101","57",1,1,2018,1,10,"19:26:00",10.8097,25.3505,-81.2641,3.5,1.5,"-999",18.82,19.25,17.81,28.994,31.65,-999,9,8.23,257.2,2302.8,2,2542.9,2,7.9965,7.9219,2,12.08,0.037,1.22,0.056,2,-81.2641,25.3505,3.75466084480286,2255,"no","yes","no","SR","Shark River",NA
"33WA20180108","WS18008","Niskin","560101","56",1,1,2018,1,10,"20:13:00",10.8424,25.3518,-81.2292,3.1,1.5,"-999",19.24,19.68,17.13,29.531,32.44,-999,9,7.88,246.3,2246.5,2,2472.3,2,7.9857,7.9112,2,12.09,0,1.21,0.034,2,-81.2292,25.3518,3.02198529243469,2337,"no","yes","no","SR","Shark River",NA
"33WA20180108","WS18008","Niskin","550101","55",1,1,2018,1,10,"20:47:00",10.866,25.3495,-81.1945,2,1.5,"-999",19.2,19.69,17.19,29.723,32.47,-999,9,7.06,220.6,2353.2,2,2584.2,2,7.9709,7.8966,2,17.6,0.33,0.96,0.049,2,-81.1945,25.3495,2.37362217903137,1572,"no","yes","no","SR","Shark River",NA
"33WA20180108","WS18008","Niskin","540101","54",1,1,2018,1,10,"22:00:00",10.9167,25.3407,-81.1563,4.2,1.5,"-999",17.75,18.13,17.23,29.872,30.93,-999,9,7.46,233.1,2433.5,2,2651.8,2,7.9363,7.8624,2,18.58,0.009,1.23,0.027,2,-81.1563,25.3407,2.24022269248962,945,"no","yes","no","SR","Shark River",NA
"33WA20180430","WS18120","Niskin","540101","54",1,1,2018,5,2,"21:54:00",122.9125,25.3409,-81.1543,2,1.5,"-999",26.24,26.54,26.69,32.779,32.773,-999,9,7.14,223.1,3447,2,3733.8,2,7.918,7.8438,2,42.99,0.054,0.3,0.098,2,-81.1543,25.3409,2.46039080619812,811,"no","yes","no","SR","Shark River",NA
"33WA20180430","WS18120","Niskin","550101","55",1,1,2018,5,2,"22:44:00",122.9472,25.3512,-81.1949,1.9,1.5,"-999",26.26,26.56,26.72,34.441,34.468,-999,9,6.62,206.9,2505.2,2,2783.2,2,7.9979,7.923,2,36.77,0.032,0.23,0.095,2,-81.1949,25.3512,2.37362217903137,1572,"no","yes","no","SR","Shark River",NA
"33WA20180430","WS18120","Niskin","560101","56",1,1,2018,5,2,"23:11:00",122.966,25.3495,-81.2247,2.4,1.5,"-999",26.35,26.66,26.81,35.843,35.84,-999,9,6.25,195.3,2274.8,2,2582.5,2,8.0603,7.9848,2,42.77,0.063,1.21,0.16,2,-81.2247,25.3495,2.87843060493469,1993,"no","yes","no","SR","Shark River",NA
"33WA20180430","WS18120","Niskin","570101","57",1,1,2018,5,2,"23:54:00",122.9958,25.3511,-81.2636,3,1.5,"-999",26.47,26.77,26.92,36.345,36.343,-999,9,6.06,189.4,2224.4,2,2540.3,2,8.0775,8.0019,2,35.65,0,0.22,0.122,2,-81.2636,25.3511,3.75466084480286,2255,"no","yes","no","SR","Shark River",NA
"33WA20180430","WS18120","Niskin","5710101","57.1",1,1,2018,5,3,"0:36:00",123.025,25.3524,-81.3424,3.9,1.5,"-999",26.49,26.78,26.95,36.349,36.351,-999,9,5.77,180.3,2068.8,2,2309.9,2,7.9888,7.9143,2,28.51,0.03,0.37,0.072,2,-81.3424,25.3524,5.5090446472168,2278,"no","yes","no","SR","Shark River",NA
"33WA20180430","WS18120","Niskin","5720101","57.2",1,1,2018,5,3,"1:41:00",123.0701,25.3515,-81.4909,6.5,1.5,"-999",26.66,26.97,27.14,36.463,36.464,-999,9,5.17,161.6,1994.6,2,2316.3,2,8.1232,8.0475,2,2.14,0.032,0.56,0.059,2,-81.4909,25.3515,8.3666181564331,2945,"no","yes","no","SR","Shark River",NA
"33WA20180430","WS18120","Flow-through","5730000","57.3",0,0,2018,5,3,"2:58:00",123.1236,25.3442,-81.654,9.6,1.5,"-999",26.68,26.96,27.17,36.264,36.265,-999,9,-999,-999,2069,2,2332.3,2,8.024,7.9491,2,0.33,0.037,0.44,0.061,2,-81.654,25.3442,11.2790632247925,4575,"no","yes","no","SR","Shark River",NA
"33WA20180430","WS18120","Flow-through","580000","58",0,0,2018,5,3,"4:22:00",123.1819,25.1701,-81.6568,11.5,1.5,"-999",26.47,26.84,26.97,36.457,36.453,-999,9,-999,-999,2094.5,2,2378.8,2,8.058,7.9827,2,0.37,0.04,0.3,0.055,2,-81.6568,25.1701,13.2788286209106,4193,"no","yes","no","MC","Middle Cape",NA
"33WA20180430","WS18120","Niskin","590101","59",1,1,2018,5,3,"5:57:00",123.2479,25.1653,-81.4938,8.5,1.5,"-999",26.62,26.94,27.1,36.458,36.469,-999,9,4.72,147.5,1939.9,2,2264.7,2,8.1517,8.0757,2,3.57,0.002,0.16,0.056,2,-81.4938,25.1653,8.8177604675293,3690,"no","yes","no","MC","Middle Cape",NA
"33WA20180430","WS18120","Flow-through","600000","60",0,0,2018,5,3,"7:27:00",123.3104,25.1683,-81.3358,5.8,1.5,"-999",26.26,26.74,26.91,36.042,36.042,-999,9,-999,-999,2072.2,2,2457.1,2,8.2085,8.1319,2,13.6,0.039,0.27,0.053,2,-81.3358,25.1683,5.53044128417969,2814,"no","yes","no","MC","Middle Cape",NA
"33WA20180430","WS18120","Flow-through","610000","61",0,0,2018,5,3,"7:53:00",123.3285,25.1663,-81.2743,4.8,1.5,"-999",26.21,26.75,26.91,35.867,35.856,-999,9,-999,-999,2238.7,2,2592.2,2,8.1425,8.0663,2,24.52,0.31,0.26,0.053,2,-81.2743,25.1663,4.66858863830566,2864,"no","yes","no","MC","Middle Cape",NA
"33WA20180430","WS18120","Niskin","620101","62",1,1,2018,5,3,"8:10:00",123.3403,25.1668,-81.2376,3.2,1.5,"-999",26.15,26.7,26.15,35.897,35.89,-999,9,4.4,137.5,2291.9,2,2640.3,2,8.1183,8.0423,2,23.47,0.079,0,0.057,2,-81.2376,25.1668,3.44446563720703,1667,"no","yes","no","MC","Middle Cape",NA
"33WA20180430","WS18120","Flow-through","630000","63",0,0,2018,5,3,"8:37:00",123.359,25.1661,-81.1979,2.8,1.5,"-999",25.8,26.43,25.81,35.876,35.58,-999,9,-999,-999,2450.4,2,2727.8,2,8.0009,7.9259,2,42.72,0.041,0.2,0.098,2,-81.1979,25.1661,3.1014711856842,1177,"no","yes","no","MC","Middle Cape",NA
"33WA20180430","WS18120","Niskin","650101","65",1,1,2018,5,3,"9:40:00",123.4028,25.0985,-81.0972,2.5,1.5,"-999",25.76,26.45,25.77,35.569,35.54,-999,9,5.06,158.1,2600.6,2,2925.1,2,8.0234,7.9481,2,14.51,0.16,0.32,0.024,2,-81.0972,25.0985,2.85884761810303,602,"no","yes","no","EC","East Cape",NA
"33WA20180430","WS18120","Flow-through","660000","66",0,0,2018,5,3,"10:08:00",123.4222,25.0537,-81.1173,2.5,1.5,"-999",25.98,26.61,25.99,36.474,36.65,-999,9,-999,-999,2064.5,2,2343.8,2,8.0471,7.972,2,1.88,0.08,0.27,0.004,2,-81.1173,25.0537,3.18322849273682,1557,"yes","yes","yes","EC","East Cape",NA
"33WA20180430","WS18120","Flow-through","670000","67",0,0,2018,5,3,"10:22:00",123.4319,25.0289,-81.1242,2.7,1.5,"-999",25.97,26.62,25.98,37.065,37.06,-999,9,-999,-999,2047.9,2,2294.5,2,7.9898,7.9152,2,3.59,0.091,0.36,0.015,2,-81.1242,25.0289,3.60418391227722,2115,"yes","yes","yes","EC","East Cape",NA
"33WA20180806","WS18218","Niskin","540101","54",1,1,2018,8,8,"17:28:00",220.7278,25.3442,-81.1529,-999,1.5,"-999",30.62,30.95,30.4,32.258,31.997,-999,9,5.94,185.6,2256.1,2,2475,2,7.9385,7.8647,2,48.65,0.28,0.17,0,2,-81.1529,25.3442,2.46039080619812,811,"no","yes","no","SR","Shark River",NA
"33WA20180806","WS18218","Niskin","550101","55",1,1,2018,8,8,"18:34:00",220.7736,25.3503,-81.1938,-999,1.5,"-999",30.7,31.03,31.05,33.06,33.071,-999,9,7.51,234.7,1966.3,2,2221.5,2,8.0467,7.9717,2,30.93,0,0.06,0.129,2,-81.1938,25.3503,2.37362217903137,1572,"no","yes","no","SR","Shark River",NA
"33WA20180806","WS18218","Niskin","560101","56",1,1,2018,8,8,"19:09:00",220.7979,25.3503,-81.2276,-999,1.5,"-999",30.62,31.38,31,33.881,33.915,-999,9,7.2,225,1870,2,2117.8,2,8.0608,7.9857,2,14.83,0.024,0.44,0.078,2,-81.2276,25.3503,3.02198529243469,2337,"no","yes","no","SR","Shark River",NA
"33WA20180806","WS18218","Niskin","570101","57",1,1,2018,8,8,"19:47:00",220.8243,25.352,-81.2636,-999,1.5,"-999",30.71,31.03,30.75,35.6,35.659,-999,9,6.65,207.8,1706.2,2,1978.1,2,8.0508,7.976,2,15.2,0.41,1.17,0.215,2,-81.2636,25.352,3.75466084480286,2255,"no","yes","no","SR","Shark River",NA
"33WA20180806","WS18218","Niskin","5710101","57.1",1,1,2018,8,8,"20:33:00",220.8563,25.3518,-81.3369,-999,1.5,"-999",30.81,31.13,30.84,36.129,36.181,-999,9,4.71,147.2,1652,2,1887.6,2,8.034,7.9595,2,2.43,0.4,1.93,0.253,2,-81.3369,25.3518,5.5090446472168,2278,"no","yes","no","SR","Shark River",NA
"33WA20180806","WS18218","Niskin","5720101","57.2",1,1,2018,8,8,"21:48:00",220.9083,25.3524,-81.4907,-999,1.5,"-999",30.8,31.12,30.82,36.028,36.061,-999,9,5.25,164.1,1780.9,2,2145.8,2,8.2346,8.1581,2,0.69,0.39,2.38,0.315,2,-81.4907,25.3524,8.3666181564331,2945,"no","yes","no","SR","Shark River",NA
"33WA20180806","WS18218","Niskin","5730101","57.3",1,1,2018,8,8,"23:15:00",220.9688,25.3512,-81.6565,-999,1.5,"-999",30.89,31.2,30.87,35.755,35.794,-999,9,6.14,191.9,1880.8,2,2230.6,2,8.1917,8.1154,2,1.53,0.73,2.16,0.293,2,-81.6565,25.3512,11.2790632247925,4575,"no","yes","no","SR","Shark River",NA
"33WA20181012","WS18285","Niskin","540101","54",1,1,2018,10,18,"8:55:00",291.3715,25.3447,-81.154,-999,1.5,"-999",29.33,29.64,29.62,27.984,29.88,-999,9,-999,-999,2745.1,2,2862.4,2,7.767,7.6963,2,52.26,2.59,3.91,0.015,2,-81.154,25.3447,2.24022269248962,945,"no","yes","no","SR","Shark River",NA
"33WA20181012","WS18285","Flow-through","550000","55",0,0,2018,10,18,"8:00:00",291.3333,25.348,-81.1955,-999,1.5,"-999",28.96,29.26,29.26,29.595,28.291,-999,9,-999,-999,2330.3,2,2441.5,2,7.7763,7.7055,2,51.52,0.81,3.89,0.03,2,-81.1955,25.348,2.37362217903137,1572,"no","yes","no","SR","Shark River",NA
"33WA20181012","WS18285","Flow-through","560000","56",0,0,2018,10,18,"10:00:00",291.4167,25.3479,-81.2241,-999,1.5,"-999",28.83,29.13,29.12,30.768,31.31,-999,9,-999,-999,2103.4,2,2234.4,2,7.8314,7.7595,2,33.96,0.77,2.1,0.04,2,-81.2241,25.3479,2.87843060493469,1993,"no","yes","no","SR","Shark River",NA
"33WA20181012","WS18285","Niskin","570101","57",1,1,2018,10,18,"10:30:00",291.4375,25.3509,-81.2661,-999,1.5,"-999",28.78,29.07,29.05,33.322,33.36,-999,9,5.87,183.4,1852.7,2,2009.2,2,7.8593,7.7869,2,6.89,0.002,1.2,0.009,2,-81.2661,25.3509,3.75466084480286,2255,"no","yes","no","SR","Shark River",NA
"33WA20181012","WS18285","Flow-through","5710000","57.1",0,0,2018,10,18,"11:20:00",291.4722,25.3515,-81.3499,-999,1.5,"-999",28.7,29.01,28.99,35.418,35.54,-999,9,-999,-999,1851.4,2,2043.7,2,7.9408,7.8672,2,1.87,0,0.97,0.037,2,-81.3499,25.3515,6.03120279312134,2471,"no","yes","no","SR","Shark River",NA
"33WA20181012","WS18285","Niskin","5720101","57.2",1,1,2018,10,18,"12:20:00",291.5139,25.3508,-81.4926,-999,1.5,"-999",28.71,29.02,29.01,36.577,36.62,-999,9,6.12,191.3,1907.7,2,2137.6,2,8.0066,7.932,2,0.67,0,0.3,0.01,2,-81.4926,25.3508,8.3666181564331,2945,"no","yes","no","SR","Shark River",NA
"33WA20190128","WS19028","Niskin","540101","54",1,1,2019,1,31,"17:15:00",31.7188,25.3427,-81.1554,-999,1.5,"-999",18.12,18.59,17.55,30.178,30.366,-999,9,7.83,244.8,2890.3,2,3109.9,2,7.8975,7.824,2,0.03,0.35,28.9,0.187,2,-81.1554,25.3427,2.24022269248962,945,"no","yes","no","SR","Shark River",NA
"33WA20190128","WS19028","Niskin","560101","56",1,1,2019,1,31,"18:25:00",31.7674,25.3499,-81.2269,-999,1.5,"-999",19.12,19.25,17.81,33.419,33.631,-999,9,7.55,236,2424.7,2,2648.7,2,7.9565,7.8822,2,0.01,0,12.42,0.078,2,-81.2269,25.3499,3.02198529243469,2337,"no","yes","no","SR","Shark River",NA
"33WA20190128","WS19028","Niskin","570101","57",1,1,2019,1,31,"18:51:00",31.7854,25.3515,-81.2633,-999,1.5,"-999",17.8,18.2,17.73,34.925,35.157,-999,9,7.74,241.9,2255.6,2,2482.7,2,7.9816,7.9071,2,0.01,0,2.13,0.068,2,-81.2633,25.3515,3.75466084480286,2255,"no","yes","no","SR","Shark River",NA
"33WA20190128","WS19028","Niskin","5710101","57.1",1,1,2019,1,31,"19:32:00",31.8139,25.3516,-81.3359,-999,1.5,"-999",18.77,19.1,18.11,35.23,35.491,-999,9,7.59,237.2,2148.6,2,2363.1,2,7.96,7.8858,2,0.04,0,0.79,0.052,2,-81.3359,25.3516,5.5090446472168,2278,"no","yes","no","SR","Shark River",NA
"33WA20190128","WS19028","Niskin","5720101","57.2",1,1,2019,1,31,"20:45:00",31.8646,25.3515,-81.4891,-999,1.5,"-999",19.58,19.98,18.65,35.109,35.329,-999,9,7.65,239.1,2158.4,2,2375.6,2,7.976,7.9016,2,0.02,0,0.76,0.077,2,-81.4891,25.3515,8.3666181564331,2945,"no","yes","no","SR","Shark River",NA
"33WA20190128","WS19028","Niskin","5730101","57.3",1,1,2019,1,31,"21:55:00",31.9132,25.3495,-81.6529,-999,1.5,"-999",19.45,19.81,18.75,35.281,35.521,-999,9,7.69,240.3,2135.4,2,2383.1,2,8.0131,7.9383,2,0.03,0,2.63,0.018,2,-81.6529,25.3495,11.2790632247925,4575,"no","yes","no","SR","Shark River",NA
"33WA20190429","WS19119","Niskin","550101","55",1,1,2019,5,2,"21:13:00",122.884,25.3491,-81.1939,-999,1.5,"-999",27.98,28.36,27.96,33.762,33.93,-999,9,6.85,214.1,2609.1,2,2872.6,2,7.971,7.8964,2,71.59,0.33,0.47,0.009,2,-81.1939,25.3491,2.37362217903137,1572,"no","yes","no","SR","Shark River",NA
"33WA20190429","WS19119","Niskin","560101","56",1,1,2019,5,2,"21:34:00",122.8986,25.3503,-81.2279,-999,1.5,"-999",27.67,28.07,27.66,35.061,35.054,-999,9,6.58,205.6,2070.7,2,2307.9,2,7.9922,7.9176,2,31.05,0.27,0.83,0,2,-81.2279,25.3503,3.02198529243469,2337,"no","yes","no","SR","Shark River",NA
"33WA20190429","WS19119","Niskin","570101","57",1,1,2019,5,2,"21:56:00",122.9139,25.3517,-81.2646,-999,1.5,"-999",27.64,28.04,27.64,35.136,35.129,-999,9,6.84,213.8,2034.7,2,2273.3,2,8.0071,7.9325,2,13.06,0.07,0.49,0.028,2,-81.2646,25.3517,3.75466084480286,2255,"no","yes","no","SR","Shark River",NA
"33WA20190429","WS19119","Niskin","5710101","57.1",1,1,2019,5,2,"22:33:00",122.9396,25.3523,-81.334,-999,1.5,"-999",27.5,27.91,27.5,35.107,35.101,-999,9,6.83,213.4,1932.2,2,2132.6,2,7.9483,7.8744,2,2.49,0.022,0.34,0,2,-81.334,25.3523,5.5090446472168,2278,"no","yes","no","SR","Shark River",NA
"33WA20190429","WS19119","Niskin","5720101","57.2",1,1,2019,5,2,"23:32:00",122.9806,25.3507,-81.4865,-999,1.5,"-999",27.3,27.72,27.3,35.222,35.216,-999,9,7.1,221.9,1966.4,2,2199.8,2,8.0116,7.9369,2,0.46,0.088,0.33,0.029,2,-81.4865,25.3507,8.3666181564331,2945,"no","yes","no","SR","Shark River",NA
"33WA20190429","WS19119","Niskin","5730101","57.3",1,1,2019,5,3,"0:43:00",123.0299,25.3507,-81.6533,-999,1.5,"-999",27.11,27.5,27.1,35.198,35.193,-999,9,6.85,213.8,1980.9,2,2220.7,2,8.022,7.9472,2,0.76,0.055,0.28,0.046,2,-81.6533,25.3507,11.2790632247925,4575,"no","yes","no","SR","Shark River",NA
"33WA20190729","WS19210","Niskin","560101","56",1,1,2019,8,1,"14:55:00",213.6215,25.3498,-81.2279,-999,1.5,"-999",30.78,31.12,30.77,35.499,34.47,-999,9,5.64,176.3,1632.9,2,1846.4,2,7.9932,7.9192,2,20.33,0.12,0,0,2,-81.2279,25.3498,3.02198529243469,2337,"no","yes","no","SR","Shark River",NA
"33WA20190729","WS19210","Niskin","550101","55",1,1,2019,8,1,"15:40:00",213.6528,25.3499,-81.1939,-999,1.5,"-999",30.32,30.69,30.31,34.029,34.116,-999,9,5.64,176.3,2193.2,2,2434.3,2,7.9902,7.9156,2,74.47,0.18,0,0.055,2,-81.1939,25.3499,2.37362217903137,1572,"no","yes","no","SR","Shark River",NA
"33WA20190729","WS19210","Niskin","540101","54",1,1,2019,8,1,"16:25:00",213.684,25.3411,-81.1577,-999,1.5,"-999",30.28,30.65,30.16,32.613,32.64,-999,9,5.84,182.5,2579.1,2,2800.9,2,7.9131,7.8394,2,102.2,0.36,0,0.054,2,-81.1577,25.3411,2.24022269248962,945,"no","yes","no","SR","Shark River",NA
"33WA20190729","WS19210","Niskin","570101","57",1,1,2019,8,1,"17:39:00",213.7354,25.3509,-81.2637,-999,1.5,"-999",31.19,31.59,31.2,35.384,35.363,-999,9,6.25,195.3,1484.4,2,1677.1,2,7.9937,7.9198,2,10.27,0.42,0,0,2,-81.2637,25.3509,3.75466084480286,2255,"no","yes","no","SR","Shark River",NA
"33WA20190729","WS19210","Niskin","5710101","57.1",1,1,2019,8,1,"18:41:00",213.7785,25.3513,-81.3358,-999,1.5,"-999",31.3,31.7,31.33,35.391,35.38,-999,9,6.58,205.6,1534.9,2,1744.6,2,8.0226,7.9483,2,0.71,0,0,0.001,2,-81.3358,25.3513,5.5090446472168,2278,"no","yes","no","SR","Shark River",NA
"33WA20190729","WS19210","Niskin","5720101","57.2",1,1,2019,8,1,"19:50:00",213.8264,25.3519,-81.4903,-999,1.5,"-999",31.63,32.02,31.44,35.813,35.789,-999,9,6.34,198.1,1795.2,2,2102.2,2,8.0215,7.9468,2,5.51,0,0,0.016,2,-81.4903,25.3519,8.3666181564331,2945,"no","yes","no","SR","Shark River",NA
"33WA20190729","WS19210","Niskin","5730101","57.3",1,1,2019,8,1,"21:07:00",213.8799,25.3514,-81.6542,-999,1.5,"-999",31.41,31.8,31.41,35.99,35.97,-999,9,6.64,207.5,1948.1,2,2284.1,2,8.1557,8.0796,2,1.68,0,0,0,2,-81.6542,25.3514,11.2790632247925,4575,"no","yes","no","SR","Shark River",NA
"33WA20190923","WS19266","Niskin","560101","56",1,1,2019,9,28,"17:10:00",271.7153,25.3496,-81.2272,-999,1.5,"-999",28.41,28.79,28.25,32.601,32.44,-999,9,6.09,190.3,2008.9,2,2245.2,2,8.0151,7.9405,2,20.19,0.079,1.16,0.053,2,-81.2272,25.3496,3.02198529243469,2337,"no","yes","no","SR","Shark River",NA
"33WA20190923","WS19266","Niskin","550101","55",1,1,2019,9,28,"17:29:00",271.7285,25.3495,-81.1928,-999,1.5,"-999",28.46,28.79,28.39,31.451,31.26,-999,9,5.99,187.2,2107.9,2,2342,2,8.023,7.9482,2,27.56,0.36,1.2,0.025,2,-81.1928,25.3495,2.37362217903137,1572,"no","yes","no","SR","Shark River",NA
"33WA20190923","WS19266","Niskin","540101","54",1,1,2019,9,28,"18:10:00",271.7569,25.3444,-81.1537,-999,1.5,"-999",28.37,28.78,28.33,29.335,29.21,-999,9,6.71,209.7,2415.1,2,2529.6,2,8.0521,7.9769,2,13.72,0.027,1.29,0.131,2,-81.1537,25.3444,2.24022269248962,945,"no","yes","no","SR","Shark River",NA
"33WA20190923","WS19266","Niskin","570101","57",1,1,2019,9,28,"19:31:00",271.8132,25.3521,-81.266,-999,1.5,"-999",28.35,28.74,28.4,33.207,33.058,-999,9,6.17,192.8,2008.4,2,2247.5,2,8.0273,7.9525,2,29.77,0.32,1.13,0.034,2,-81.266,25.3521,3.75466084480286,2255,"no","yes","no","SR","Shark River",NA
"33WA20190923","WS19266","Niskin","5710101","57.1",1,1,2019,9,28,"19:59:00",271.8326,25.3525,-81.3376,-999,1.5,"-999",28.72,29.03,28.44,34.518,34.386,-999,9,6.44,201.3,2081.6,2,2223.8,2,8.0695,7.9943,2,27.96,0.26,0.99,0.108,2,-81.3376,25.3525,5.5090446472168,2278,"no","yes","no","SR","Shark River",NA
"33WA20190923","WS19266","Niskin","5720101","57.2",1,1,2019,9,28,"20:58:00",271.8736,25.3532,-81.4884,-999,1.5,"-999",28.61,28.88,28.54,35.622,35.465,-999,9,6.54,204.4,2125.7,2,2324.3,2,8.1436,8.0677,2,2.54,0.31,0.87,0.045,2,-81.4884,25.3532,8.25719165802002,2849,"no","yes","no","SR","Shark River",NA
"33WA20190923","WS19266","Niskin","5730101","57.3",1,1,2019,9,28,"22:06:00",271.9208,25.351,-81.6542,-999,1.5,"-999",28.6,28.9,28.58,35.609,35.48,-999,9,6.58,205.6,1996.5,2,2326.3,2,8.1503,8.0743,2,1.17,0.18,1.75,0.015,2,-81.6542,25.351,11.2790632247925,4575,"no","yes","no","SR","Shark River",NA
"33WA20191118","WS19322","Flow-through","650000","6.5",0,0,2019,11,18,"20:27:00",322.8521,25.0488,-80.289,-999,1.5,"-999",27.63,27.87,27.88,36.177,36.178,-999,9,-999,-999,2042.1,2,2387.1,2,8.1617,8.0855,2,0.68,0.49,1.14,0.082,2,-80.289,25.0488,73.5591506958008,915,"yes","no","no","JP","John Pennekamp",NA
"33WA20191118","WS19322","Niskin","MR0101","MR",1,1,2019,11,18,"21:30:00",322.8958,25.003,-80.3702,-999,35.7,"35.7",-999,-999,27.01,-999,36.207,-999,9,6.19,198.2,2043.5,2,2384.4,2,8.149,8.0729,2,0.59,0.39,0.89,0.026,2,-80.3702,25.003,36.8940658569336,276,"yes","no","no","MR","Molasses Reef",NA
"33WA20191118","WS19322","Niskin","MR0112","MR",1,12,2019,11,18,"21:30:00",322.8958,25.003,-80.3702,-999,1.5,"0",27.54,27.79,27.58,36.318,36.286,-999,9,6,192.2,2040.3,2,2385.3,2,8.1612,8.0851,2,0.49,0.25,0.84,0.038,2,-80.3702,25.003,36.8940658569336,276,"yes","no","no","MR","Molasses Reef",NA
"33WA20191118","WS19322","Flow-through","UKOFF0000","UK_OFF",0,0,2019,11,18,"23:14:00",322.9681,24.8984,-80.5304,-999,1.5,"-999",27.56,27.81,27.8,36.326,36.327,-999,9,-999,-999,2041.2,2,2382.6,2,8.1606,8.0845,2,0.51,0.65,1.05,0.036,2,-80.5304,24.8984,27.7579803466797,209,"yes","no","no","UK","Upper Keys",NA
"33WA20191118","WS19322","Flow-through","UKMID0000","UK_MID",0,0,2019,11,18,"23:26:00",322.9764,24.9204,-80.5464,-999,1.5,"-999",24.95,25.37,25.41,36.209,36.215,-999,9,-999,-999,2065.5,2,2399,2,8.1428,8.0667,2,0.06,0.41,1.2,0.051,2,-80.5464,24.9204,6.23951148986816,337,"yes","no","no","UK","Upper Keys",NA
"33WA20191118","WS19322","Flow-through","UKIN0000","UK_IN",0,0,2019,11,18,"23:35:00",322.9826,24.9347,-80.5644,-999,1.5,"-999",24.04,24.45,24.45,36.263,36.247,-999,9,-999,-999,2099.7,2,2421.8,2,8.116,8.0402,2,0.26,0.98,0.92,0.008,2,-80.5644,24.9347,4.22385549545288,194,"yes","no","no","UK","Upper Keys",NA
"33WA20191118","WS19322","Niskin","21LK0101","21/LK",1,1,2019,11,19,"11:09:00",323.4646,24.5367,-81.4117,-999,35,"35",-999,-999,27.49,-999,36.31,-999,9,-999,-999,2041.3,2,2380.9,2,8.1526,8.0765,2,1.63,0.31,1.29,0.005,2,-81.4117,24.5367,37.311092376709,244,"yes","no","no",NA,NA,NA
"33WA20191118","WS19322","Niskin","21LK0112","21/LK",1,12,2019,11,19,"11:09:00",323.4646,24.5367,-81.4117,-999,1.5,"0",27.5,27.75,27.51,36.355,36.31,-999,9,6.19,198.2,2040.3,2,2384.4,2,8.1587,8.0826,2,0.24,0.15,1.39,0.022,2,-81.4117,24.5367,37.311092376709,244,"yes","no","no",NA,NA,NA
"33WA20191118","WS19322","Niskin","WS0101","WS",1,1,2019,11,19,"14:30:00",323.6042,24.476,-81.7142,-999,18.8,"18.8",-999,-999,27.4,-999,36.313,-999,9,5.95,190.6,2048.6,2,2384.1,2,8.1458,8.0698,2,0.48,0.39,1.84,0.017,2,-81.7142,24.476,20.9634685516357,169,"yes","no","no","KWS","Key West South",NA
"33WA20191118","WS19322","Niskin","WS0112","WS",1,12,2019,11,19,"14:32:00",323.6056,24.476,-81.7142,-999,1.5,"0",27.5,27.75,27.49,36.36,36.297,-999,9,-999,-999,2045.6,2,2383.1,2,8.1494,8.0734,2,0.48,0.67,1.48,0.022,2,-81.7142,24.476,20.9634685516357,169,"yes","no","no","KWS","Key West South",NA
"33WA20191118","WS19322","Flow-through","2250000","22.5",0,0,2019,11,19,"15:34:00",323.6486,24.3987,-81.8287,-999,1.5,"-999",27.65,27.9,27.2,36.344,36.345,-999,9,-999,-999,2041.1,6,2385,6,8.1597,8.0835,6,0.19,0.18,1.24,0.02,2,-81.8287,24.3987,141.215469360352,1164,"yes","no","no","KWS","Key West South",NA
"33WA20191118","WS19322","Flow-through","KW30000","KW3",0,0,2019,11,19,"19:15:00",323.8021,24.8212,-81.9564,-999,1.5,"-999",26.32,26.59,26.59,36.897,36.898,-999,9,-999,-999,1987.4,2,2327.4,2,8.1584,8.0824,2,3.98,0.45,2.05,0.062,2,-81.9564,24.8212,17.2747745513916,4194,"yes","yes","yes","KNW","Key West North",NA
"33WA20191118","WS19322","Niskin","300101","30",1,1,2019,11,20,"1:01:00",324.0424,25.3986,-82.2062,-999,24.5,"24.5",-999,-999,26.35,-999,36.628,-999,9,6.4,204.9,2030.8,2,2354.4,2,8.1359,8.06,2,1.23,0.48,1.57,0.004,2,-82.2062,25.3986,25.1684474945068,7019,"no","yes","no","MI","Marco Island",NA
"33WA20191118","WS19322","Niskin","300112","30",1,12,2019,11,20,"1:01:00",324.0424,25.3986,-82.2062,-999,1.5,"0",26.28,26.56,26.31,36.652,36.61,-999,9,6.41,205.3,2029.4,2,2358.4,2,8.1406,8.0646,2,1.35,0.42,1.49,0.003,2,-82.2062,25.3986,25.1684474945068,7019,"no","yes","no","MI","Marco Island",NA
"33WA20191118","WS19322","Niskin","330101","33",1,1,2019,11,20,"6:40:00",324.2778,25.9073,-81.7968,-999,7.6,"7.6",23.34,23.61,23.35,35.572,35.526,-999,9,6.56,210.2,2027.2,2,2306.3,2,8.0792,8.0038,2,25.35,0.42,1.5,0.063,2,-81.7968,25.9073,8.56959819793701,2914,"no","yes","no","MI","Marco Island",NA
"33WA20191118","WS19322","Niskin","330112","33",1,12,2019,11,20,"6:40:00",324.2778,25.9073,-81.7968,-999,1.5,"0",23.34,23.61,23.33,35.572,35.524,-999,9,6.59,211,2027.6,2,2310.6,2,8.0793,8.0039,2,22.52,0.31,1.28,0.053,2,-81.7968,25.9073,8.56959819793701,2914,"no","yes","no","MI","Marco Island",NA
"33WA20191118","WS19322","Niskin","CAL60101","CAL6",1,1,2019,11,20,"12:10:00",324.5069,25.94,-82.4847,-999,27.2,"27.2",-999,-999,26.02,-999,36.37,-999,9,6.27,200.8,2042.6,2,2371.8,2,8.1406,8.0646,2,0.6,0.19,1.56,0,2,-82.4847,25.94,28.7000026702881,6846,"no","yes","no","CAL","Caloosahatchee River",NA
"33WA20191118","WS19322","Niskin","CAL60112","CAL6",1,12,2019,11,20,"12:10:00",324.5069,25.94,-82.4847,-999,1.5,"0",26.02,26.26,26.01,36.411,36.369,-999,9,6.27,200.8,2041.6,2,2372.6,2,8.1422,8.0662,2,0.57,0.14,1.36,0.071,2,-82.4847,25.94,28.7000026702881,6846,"no","yes","no","CAL","Caloosahatchee River",NA
"33WA20191118","WS19322","Niskin","410101","41",1,1,2019,11,23,"10:50:00",327.4514,25.7322,-81.5739,-999,4,"4",22.19,22.48,22.17,35.111,35.11,-999,9,7,224.1,2159.2,2,2460.8,2,8.0941,8.0184,2,42.29,0.12,0.94,0.144,2,-81.5739,25.7322,4.72437143325806,2512,"no","yes","no","EC","Everglades City",NA
"33WA20191118","WS19322","Niskin","410112","41",1,12,2019,11,23,"10:50:00",327.4514,25.7322,-81.5739,-999,1.5,"0",22.19,22.48,22.17,35.111,35.12,-999,9,7,224.2,2159.2,2,2455.4,2,8.0947,8.0191,2,39.56,0.025,0.98,0.208,2,-81.5739,25.7322,4.72437143325806,2512,"no","yes","no","EC","Everglades City",NA
"33WA20191118","WS19322","Niskin","540112","54",1,12,2019,11,23,"17:35:00",327.7326,25.3453,-81.1542,-999,1.5,"0",22.11,22.39,21.92,31.08,31.16,-999,9,6.77,216.9,2630.1,2,2883,2,7.9774,7.9028,2,17.19,0.092,2.53,0.076,2,-81.1542,25.3453,2.0735559463501,975,"no","yes","no","SR","Shark River",NA
"33WA20191118","WS19322","Niskin","550112","55",1,12,2019,11,23,"18:15:00",327.7604,25.3487,-81.1953,-999,1.5,"0",22.87,23.15,22.31,32.539,32.78,-999,9,6.81,218.1,2331.3,2,2612.6,2,8.0563,7.981,2,10.5,0.54,3.51,0.104,2,-81.1953,25.3487,2.37362217903137,1572,"no","yes","no","SR","Shark River",NA
"33WA20191118","WS19322","Niskin","560112","56",1,12,2019,11,23,"18:36:00",327.775,25.3502,-81.2282,-999,1.5,"0",22.88,23.22,22.46,33.642,33.74,-999,9,7.02,225,2194.2,2,2500.8,2,8.1006,8.0249,2,8.85,0.038,1.83,0.032,2,-81.2282,25.3502,3.02198529243469,2337,"no","yes","no","SR","Shark River",NA
"33WA20191118","WS19322","Niskin","570112","57",1,12,2019,11,23,"19:07:00",327.7965,25.3565,-81.2675,-999,1.5,"0",23.16,23.49,23.14,34.424,34.4,-999,9,7.16,229.3,2097.2,2,2407.3,2,8.1186,8.0428,2,9.73,4.14,1.01,0.055,2,-81.2675,25.3565,3.9931697845459,2480,"no","yes","no","SR","Shark River",NA
"33WA20191118","WS19322","Niskin","5710112","57.1",1,12,2019,11,23,"19:39:00",327.8188,25.3512,-81.338,-999,1.5,"0",23.18,23.47,23.08,35.666,35.72,-999,9,7.39,236.7,2049.4,2,2330.9,2,8.059,7.9838,2,31.4,0.18,0.7,0.075,2,-81.338,25.3512,5.5090446472168,2278,"no","yes","no","SR","Shark River",NA
"33WA20191118","WS19322","Niskin","5720112","57.2",1,12,2019,11,23,"20:45:00",327.8646,25.3517,-81.491,-999,1.5,"0",23.66,23.97,23.64,36.005,36.02,-999,9,-999,-999,2044.4,6,2338.5,6,8.0868,8.0113,6,3.59,0.53,1.3,0.23,2,-81.491,25.3517,8.3666181564331,2945,"no","yes","no","SR","Shark River",NA
"33WA20191118","WS19322","Niskin","5730112","57.3",1,12,2019,11,23,"22:03:00",327.9188,25.3521,-81.6538,-999,1.5,"0",24.18,24.49,24.16,35.808,35.823,-999,9,6.61,211.8,2071.2,2,2365.7,2,8.083,8.0075,2,5.24,0.28,1.82,0.055,2,-81.6538,25.3521,11.2790632247925,4575,"no","yes","no","SR","Shark River",NA
